Name,Team,Pos,YDS,TD,INT,YPA,ATT,YDS.1,AVG,TD.1,REC,YDS.2,AVG.1,TD.2,YDS.3,TD.3,YDS.4,TD.4,Health_Risk,Previous_Points,Age,Dynasty_Age_Factor,Targets,Snap_Pct,Points,Rank,Tier,Overall_Rank
jayden daniels,WAS,QB,3726.0,26.0,11.0,7.6,136.0,755.0,5.6,6.0,0.0,0.0,0.0,0.0,0.0,0.0,0.0,0.0,1.0,364.8,24.0,1.05,0,0,355.9080000000001,1.0,1.0,1
joe burrow,CIN,QB,4415.0,34.0,11.0,7.4,43.0,159.0,3.7,2.0,0.0,0.0,0.0,0.0,0.0,0.0,0.0,0.0,1.0,381.8,28.0,0.85,0,0,337.83250000000004,2.0,1.0,2
bo nix,DEN,QB,3807.0,27.0,12.0,7.1,82.0,402.0,4.9,4.0,0.0,0.0,0.0,0.0,0.0,0.0,0.0,0.0,1.0,328.2,25.0,1.0,0,0,329.81999999999994,3.0,1.0,3
c.j. stroud,HOU,QB,3929.0,27.0,12.0,7.4,46.0,196.0,4.3,2.0,0.0,0.0,0.0,0.0,0.0,0.0,0.0,0.0,1.0,232.4,23.0,1.1,0,0,327.9815,4.0,1.0,4
brock purdy,SF,QB,4055.0,28.0,12.0,8.0,60.0,252.0,4.2,3.0,0.0,0.0,0.0,0.0,0.0,0.0,0.0,0.0,1.0,278.9,25.0,1.0,0,0,323.51249999999993,5.0,1.0,5
lamar jackson,BAL,QB,3619.0,30.0,9.0,8.2,129.0,760.0,5.9,4.0,0.0,0.0,0.0,0.0,0.0,0.0,0.0,0.0,1.0,434.4,28.0,0.85,0,0,321.99274999999994,6.0,2.0,6
caleb williams,CHI,QB,3633.0,23.0,12.0,7.0,70.0,384.0,5.5,4.0,0.0,0.0,0.0,0.0,0.0,0.0,0.0,0.0,1.0,260.5,23.0,1.1,0,0,312.77675,7.0,2.0,7
ja'marr chase,CIN,WR,0.0,0.0,0.0,0.0,3.0,17.0,5.7,0.0,112.0,1403.0,12.5,11.0,0.0,0.0,0.0,0.0,1.0,276.0,25.0,1.0,0,0,305.61,1.0,1.0,8
aaron rodgers,PIT,QB,3710.0,23.0,11.0,6.9,27.0,101.0,3.7,1.0,0.0,0.0,0.0,0.0,0.0,0.0,0.0,0.0,1.0,267.6,,1.0,0,0,291.45,8.0,2.0,9
drake maye,NE,QB,3528.0,23.0,13.0,7.0,84.0,455.0,5.4,4.0,0.0,0.0,0.0,0.0,0.0,0.0,0.0,0.0,1.0,187.1,22.0,1.15,0,0,289.10137499999996,9.0,2.0,10
jordan love,GB,QB,3907.0,26.0,12.0,7.5,35.0,166.0,4.7,2.0,0.0,0.0,0.0,0.0,0.0,0.0,0.0,0.0,1.0,244.9,26.0,0.95,0,0,283.6533749999999,10.0,2.0,11
josh allen,BUF,QB,3777.0,27.0,11.0,7.6,98.0,504.0,5.1,10.0,0.0,0.0,0.0,0.0,0.0,0.0,0.0,0.0,1.0,385.0,29.0,0.8,0,0,281.4560000000001,11.0,3.0,12
justin herbert,LAC,QB,3735.0,25.0,9.0,7.3,58.0,254.0,4.4,3.0,0.0,0.0,0.0,0.0,0.0,0.0,0.0,0.0,1.0,288.4,27.0,0.9,0,0,279.5625,12.0,3.0,13
jalen hurts,PHI,QB,3314.0,21.0,9.0,7.5,152.0,535.0,3.5,14.0,0.0,0.0,0.0,0.0,0.0,0.0,0.0,0.0,1.0,320.1,26.0,0.95,0,0,279.088625,13.0,3.0,14
baker mayfield,TB,QB,4009.0,31.0,13.0,7.3,51.0,235.0,4.6,3.0,0.0,0.0,0.0,0.0,0.0,0.0,0.0,0.0,1.0,381.8,30.0,0.75,0,0,276.93,14.0,3.0,15
patrick mahomes,KC,QB,4213.0,31.0,12.0,7.1,51.0,271.0,5.3,2.0,0.0,0.0,0.0,0.0,0.0,0.0,0.0,0.0,1.0,293.0,29.0,0.8,0,0,275.864,15.0,3.0,16
jared goff,DET,QB,4231.0,32.0,11.0,8.0,31.0,63.0,2.0,1.0,0.0,0.0,0.0,0.0,0.0,0.0,0.0,0.0,1.0,335.5,30.0,0.75,0,0,274.98562499999997,16.0,4.0,17
malik nabers,NYG,WR,0.0,0.0,0.0,0.0,6.0,32.0,5.3,0.0,100.0,1205.0,12.1,7.0,0.0,0.0,0.0,0.0,1.0,164.6,22.0,1.15,0,0,268.0995,2.0,1.0,18
kyler murray,ARI,QB,3612.0,21.0,11.0,7.0,86.0,488.0,5.7,5.0,0.0,0.0,0.0,0.0,0.0,0.0,0.0,0.0,1.0,308.2,27.0,0.9,0,0,266.6205,17.0,4.0,19
bryce young,CAR,QB,3413.0,21.0,12.0,6.8,57.0,297.0,5.2,3.0,0.0,0.0,0.0,0.0,0.0,0.0,0.0,0.0,1.0,204.0,24.0,1.05,0,0,260.87775,18.0,4.0,20
sam darnold,SEA,QB,3677.0,22.0,14.0,6.9,48.0,201.0,4.2,2.0,0.0,0.0,0.0,0.0,0.0,0.0,0.0,0.0,1.0,320.0,28.0,0.85,0,0,256.01574999999997,19.0,4.0,21
justin jefferson,MIN,WR,0.0,0.0,0.0,0.0,2.0,13.0,6.5,0.0,99.0,1411.0,14.3,8.0,0.0,0.0,0.0,0.0,1.0,214.5,26.0,0.95,0,0,252.71899999999997,3.0,1.0,22
amon-ra st. brown,DET,WR,0.0,0.0,0.0,0.0,2.0,12.0,6.0,0.0,103.0,1191.0,11.6,8.0,0.0,0.0,0.0,0.0,1.0,201.2,25.0,1.0,0,0,249.42999999999998,4.0,1.0,23
tua tagovailoa,MIA,QB,3832.0,25.0,12.0,7.3,26.0,71.0,2.7,1.0,0.0,0.0,0.0,0.0,0.0,0.0,0.0,0.0,1.0,188.6,27.0,0.9,0,0,244.21049999999997,20.0,4.0,24
ladd mcconkey,LAC,WR,0.0,0.0,0.0,0.0,1.0,7.0,7.0,0.0,88.0,1114.0,12.7,7.0,0.0,0.0,19.0,0.0,1.0,158.9,23.0,1.1,0,0,238.315,5.0,1.0,25
brock bowers,LV,TE,0.0,0.0,0.0,0.0,3.0,16.0,5.3,0.0,95.0,1002.0,10.5,6.0,0.0,0.0,0.0,0.0,1.0,150.7,22.0,1.15,0,0,238.10749999999993,1.0,1.0,26
drake london,ATL,WR,0.0,0.0,0.0,0.0,2.0,11.0,5.5,0.0,91.0,1131.0,12.4,7.0,0.0,0.0,0.0,0.0,1.0,180.8,24.0,1.05,0,0,237.8355,6.0,2.0,27
puka nacua,LAR,WR,0.0,0.0,0.0,0.0,13.0,75.0,5.8,1.0,97.0,1237.0,12.8,7.0,0.0,0.0,0.0,0.0,1.0,127.6,24.0,1.05,0,0,233.2785,7.0,2.0,28
j.j. mccarthy,MIN,QB,3810.0,26.0,13.0,7.2,75.0,330.0,4.4,2.0,0.0,0.0,0.0,0.0,0.0,0.0,0.0,0.0,1.0,0.0,22.0,1.15,0,0,231.83999999999995,21.0,5.0,29
ceedee lamb,DAL,WR,0.0,0.0,0.0,0.0,14.0,81.0,5.8,1.0,104.0,1225.0,11.8,8.0,0.0,0.0,0.0,0.0,1.0,162.4,26.0,0.95,0,0,228.82649999999995,8.0,2.0,30
nico collins,HOU,WR,0.0,0.0,0.0,0.0,1.0,5.0,5.0,0.0,89.0,1296.0,14.6,9.0,0.0,0.0,0.0,0.0,1.0,142.6,26.0,0.95,0,0,221.92,9.0,2.0,31
marvin harrison,ARI,WR,0.0,0.0,0.0,0.0,0.0,0.0,0.0,0.0,72.0,1034.0,14.4,7.0,0.0,0.0,0.0,0.0,1.0,134.5,22.0,1.15,0,0,221.40949999999998,10.0,2.0,32
jaxon smith-njigba,SEA,WR,0.0,0.0,0.0,0.0,6.0,28.0,4.7,0.0,85.0,933.0,11.0,6.0,0.0,0.0,0.0,0.0,1.0,153.0,23.0,1.1,0,0,215.501,11.0,3.0,33
brian thomas,JAX,WR,0.0,0.0,0.0,0.0,3.0,19.0,6.3,0.0,92.0,1269.0,13.8,8.0,0.0,0.0,0.0,0.0,1.0,0.0,22.0,1.15,0,0,214.85449999999997,12.0,3.0,34
anthony richardson,IND,QB,2647.0,15.0,11.0,6.9,117.0,651.0,5.6,7.0,0.0,0.0,0.0,0.0,0.0,0.0,0.0,0.0,1.0,174.4,23.0,1.1,0,0,210.42450000000002,22.0,5.0,35
jahmyr gibbs,DET,RB,0.0,0.0,0.0,0.0,235.0,1231.0,5.2,12.0,50.0,412.0,8.2,2.0,0.0,0.0,0.0,0.0,1.0,310.9,23.0,1.1,0,0,205.561,1.0,1.0,36
trevor lawrence,JAX,QB,3970.0,25.0,13.0,7.0,59.0,245.0,4.2,3.0,0.0,0.0,0.0,0.0,0.0,0.0,0.0,0.0,1.0,0.0,25.0,1.0,0,0,203.70000000000002,23.0,5.0,37
michael penix,ATL,QB,3610.0,23.0,12.0,6.9,46.0,198.0,4.3,2.0,0.0,0.0,0.0,0.0,0.0,0.0,0.0,0.0,1.0,47.1,25.0,1.0,0,0,203.5125,24.0,5.0,38
jordan addison,MIN,WR,0.0,0.0,0.0,0.0,4.0,20.0,5.0,0.0,71.0,932.0,13.1,6.0,0.0,0.0,0.0,0.0,1.0,149.5,23.0,1.1,0,0,203.489,13.0,3.0,39
trey mcbride,ARI,TE,0.0,0.0,0.0,0.0,1.0,3.0,3.0,0.0,96.0,982.0,10.2,6.0,0.0,0.0,0.0,0.0,1.0,138.8,25.0,1.0,0,0,202.77999999999997,2.0,1.0,40
geno smith,LV,QB,3674.0,22.0,13.0,7.0,47.0,198.0,4.2,2.0,0.0,0.0,0.0,0.0,0.0,0.0,0.0,0.0,1.0,281.0,34.0,0.7,0,0,201.75050000000002,25.0,5.0,41
xavier worthy,KC,WR,0.0,0.0,0.0,0.0,16.0,92.0,5.8,1.0,68.0,840.0,12.4,7.0,0.0,0.0,0.0,0.0,1.0,128.2,22.0,1.15,0,0,200.39899999999997,14.0,3.0,42
matthew stafford,LAR,QB,3880.0,25.0,12.0,7.2,25.0,37.0,1.5,0.0,0.0,0.0,0.0,0.0,0.0,0.0,0.0,0.0,1.0,222.6,37.0,0.7,0,0,200.04249999999996,26.0,6.0,43
garrett wilson,NYJ,WR,0.0,0.0,0.0,0.0,7.0,36.0,5.1,0.0,84.0,1003.0,11.9,6.0,0.0,0.0,0.0,0.0,1.0,150.9,25.0,1.0,0,0,199.48000000000002,15.0,3.0,44
de'von achane,MIA,RB,0.0,0.0,0.0,0.0,199.0,936.0,4.7,6.0,67.0,500.0,7.5,3.0,27.0,0.0,0.0,0.0,1.0,221.9,23.0,1.1,0,0,199.156,2.0,1.0,45
bijan robinson,ATL,RB,0.0,0.0,0.0,0.0,285.0,1339.0,4.7,11.0,50.0,378.0,7.6,2.0,0.0,0.0,0.0,0.0,1.0,280.7,23.0,1.1,0,0,197.977,3.0,1.0,46
tee higgins,CIN,WR,0.0,0.0,0.0,0.0,0.0,0.0,0.0,0.0,77.0,1007.0,13.1,7.0,0.0,0.0,0.0,0.0,1.0,149.1,26.0,0.95,0,0,188.59399999999997,16.0,4.0,47
jameson williams,DET,WR,0.0,0.0,0.0,0.0,13.0,71.0,5.5,1.0,59.0,943.0,16.0,6.0,0.0,0.0,0.0,0.0,1.0,154.2,24.0,1.05,0,0,187.7085,17.0,4.0,48
russell wilson,NYG,QB,2349.0,14.0,7.0,7.0,40.0,165.0,4.1,2.0,0.0,0.0,0.0,0.0,0.0,0.0,0.0,0.0,1.0,177.8,,1.0,0,0,185.64,27.0,6.0,49
dak prescott,DAL,QB,4039.0,28.0,12.0,7.1,39.0,141.0,3.6,2.0,0.0,0.0,0.0,0.0,0.0,0.0,0.0,0.0,1.0,124.5,32.0,0.7,0,0,185.53674999999996,28.0,6.0,50
zay flowers,BAL,WR,0.0,0.0,0.0,0.0,8.0,43.0,5.4,0.0,70.0,919.0,13.1,5.0,0.0,0.0,0.0,0.0,1.0,135.5,24.0,1.05,0,0,183.72899999999998,18.0,4.0,51
a.j. brown,PHI,WR,0.0,0.0,0.0,0.0,0.0,0.0,0.0,0.0,81.0,1207.0,14.9,7.0,0.0,0.0,0.0,0.0,1.0,149.9,28.0,0.85,0,0,183.22599999999997,19.0,4.0,52
george pickens,DAL,WR,0.0,0.0,0.0,0.0,3.0,16.0,5.3,0.0,67.0,978.0,14.6,6.0,0.0,0.0,0.0,0.0,1.0,105.4,24.0,1.05,0,0,180.78900000000002,20.0,4.0,53
justin fields,NYJ,QB,2981.0,16.0,9.0,6.9,142.0,798.0,5.6,7.0,0.0,0.0,0.0,0.0,0.0,0.0,0.0,0.0,1.0,120.1,26.0,0.95,0,0,180.14137499999995,29.0,6.0,54
rome odunze,CHI,WR,0.0,0.0,0.0,0.0,2.0,10.0,5.0,0.0,67.0,901.0,13.4,6.0,0.0,0.0,0.0,0.0,1.0,90.9,23.0,1.1,0,0,178.68400000000003,21.0,5.0,55
terry mclaurin,WAS,WR,0.0,0.0,0.0,0.0,1.0,5.0,5.0,0.0,79.0,1121.0,14.2,8.0,0.0,0.0,0.0,0.0,1.0,185.8,29.0,0.8,0,0,178.488,22.0,5.0,56
devonta smith,PHI,WR,0.0,0.0,0.0,0.0,1.0,5.0,5.0,0.0,76.0,945.0,12.4,6.0,0.0,0.0,0.0,0.0,1.0,131.4,26.0,0.95,0,0,174.77149999999997,23.0,5.0,57
jerry jeudy,CLE,WR,0.0,0.0,0.0,0.0,1.0,5.0,5.0,0.0,71.0,935.0,13.2,5.0,0.0,0.0,0.0,0.0,1.0,150.9,26.0,0.95,0,0,172.349,24.0,5.0,58
sam laporta,DET,TE,0.0,0.0,0.0,0.0,0.0,0.0,0.0,0.0,70.0,782.0,11.2,6.0,0.0,0.0,0.0,0.0,1.0,114.6,24.0,1.05,0,0,171.486,3.0,1.0,59
dk metcalf,PIT,WR,0.0,0.0,0.0,0.0,0.0,0.0,0.0,0.0,69.0,1000.0,14.5,7.0,0.0,0.0,0.0,0.0,1.0,125.2,27.0,0.9,0,0,166.734,25.0,5.0,60
josh downs,IND,WR,0.0,0.0,0.0,0.0,1.0,5.0,5.0,0.0,66.0,768.0,11.6,4.0,0.0,0.0,104.0,0.0,1.0,111.5,23.0,1.1,0,0,165.23100000000002,26.0,6.0,61
travis hunter,JAX,WR,0.0,0.0,0.0,0.0,8.0,30.0,3.8,0.0,72.0,965.0,13.4,6.0,0.0,0.0,0.0,0.0,1.0,0.0,22.0,1.15,0,0,164.62249999999997,27.0,6.0,62
marvin mims,DEN,WR,0.0,0.0,0.0,0.0,14.0,86.0,6.1,1.0,54.0,675.0,12.5,5.0,225.0,0.0,265.0,1.0,1.0,90.5,23.0,1.1,0,0,163.845,28.0,6.0,63
cam ward,TEN,QB,3380.0,20.0,14.0,6.7,80.0,392.0,4.9,3.0,0.0,0.0,0.0,0.0,0.0,0.0,0.0,0.0,1.0,0.0,,1.0,0,0,163.79999999999998,30.0,6.0,64
bucky irving,TB,RB,0.0,0.0,0.0,0.0,229.0,1095.0,4.8,9.0,45.0,334.0,7.4,2.0,0.0,0.0,0.0,0.0,1.0,197.4,22.0,1.15,0,0,163.775,4.0,1.0,65
tetairoa mcmillan,CAR,WR,0.0,0.0,0.0,0.0,5.0,27.0,5.4,0.0,77.0,933.0,12.1,5.0,0.0,0.0,0.0,0.0,1.0,0.0,22.0,1.15,0,0,161.2415,29.0,6.0,66
jaylen waddle,MIA,WR,0.0,0.0,0.0,0.0,4.0,0.0,0.0,0.0,71.0,933.0,13.1,6.0,0.0,0.0,0.0,0.0,1.0,91.6,26.0,0.95,0,0,159.3055,30.0,6.0,67
dj moore,CHI,WR,0.0,0.0,0.0,0.0,8.0,42.0,5.3,0.0,80.0,971.0,12.1,5.0,0.0,0.0,0.0,0.0,1.0,140.1,28.0,0.85,0,0,158.95,31.0,7.0,68
rashee rice,KC,WR,0.0,0.0,0.0,0.0,1.0,5.0,5.0,0.0,80.0,891.0,11.1,6.0,0.0,0.0,0.0,0.0,1.0,40.9,25.0,1.0,0,0,155.84,32.0,7.0,69
jayden reed,GB,WR,0.0,0.0,0.0,0.0,17.0,99.0,5.8,1.0,58.0,728.0,12.6,5.0,0.0,0.0,127.0,0.0,1.0,142.0,25.0,1.0,0,0,155.16,33.0,7.0,70
courtland sutton,DEN,WR,0.0,0.0,0.0,0.0,0.0,0.0,0.0,0.0,71.0,955.0,13.5,7.0,0.0,0.0,0.0,0.0,1.0,159.3,29.0,0.8,0,0,154.992,34.0,7.0,71
khalil shakir,BUF,WR,0.0,0.0,0.0,0.0,2.0,11.0,5.5,0.0,72.0,775.0,10.8,4.0,0.0,0.0,0.0,0.0,1.0,106.5,25.0,1.0,0,0,153.39999999999998,35.0,7.0,72
saquon barkley,PHI,RB,0.0,0.0,0.0,0.0,300.0,1680.0,5.6,11.0,31.0,232.0,7.5,2.0,0.0,0.0,0.0,0.0,1.0,322.3,28.0,0.85,0,0,151.57549999999998,5.0,1.0,73
rashid shaheed,NO,WR,0.0,0.0,0.0,0.0,7.0,42.0,6.0,0.0,55.0,802.0,14.6,5.0,344.0,0.0,239.0,1.0,1.0,59.8,26.0,0.95,0,0,149.777,36.0,8.0,74
mike evans,TB,WR,0.0,0.0,0.0,0.0,0.0,0.0,0.0,0.0,73.0,1043.0,14.3,9.0,0.0,0.0,0.0,0.0,1.0,166.4,31.0,0.7,0,0,148.28099999999998,37.0,8.0,75
tyreek hill,MIA,WR,0.0,0.0,0.0,0.0,8.0,0.0,0.0,0.0,88.0,1137.0,12.9,7.0,0.0,0.0,34.0,0.0,1.0,137.2,31.0,0.7,0,0,148.22499999999997,38.0,8.0,76
chase brown,CIN,RB,0.0,0.0,0.0,0.0,214.0,901.0,4.2,7.0,45.0,329.0,7.3,2.0,51.0,0.0,0.0,0.0,1.0,201.0,25.0,1.0,0,0,148.2,6.0,2.0,77
jauan jennings,SF,WR,0.0,0.0,0.0,0.0,0.0,0.0,0.0,0.0,67.0,875.0,13.1,6.0,0.0,0.0,0.0,0.0,1.0,133.5,28.0,0.85,0,0,147.39,39.0,8.0,78
josh jacobs,GB,RB,0.0,0.0,0.0,0.0,257.0,1139.0,4.4,10.0,40.0,306.0,7.7,2.0,0.0,0.0,0.0,0.0,1.0,257.1,27.0,0.9,0,0,147.155,7.0,2.0,79
jakobi meyers,LV,WR,14.0,0.0,0.0,7.0,2.0,12.0,6.0,0.0,74.0,859.0,11.6,5.0,0.0,0.0,0.0,0.0,1.0,131.0,28.0,0.85,0,0,146.3955,40.0,8.0,80
ricky pearsall,SF,WR,0.0,0.0,0.0,0.0,8.0,38.0,4.8,0.0,61.0,811.0,13.3,5.0,0.0,0.0,0.0,0.0,1.0,62.5,24.0,1.05,0,0,146.18099999999998,41.0,9.0,81
james cook,BUF,RB,0.0,0.0,0.0,0.0,210.0,985.0,4.7,9.0,34.0,286.0,8.4,2.0,0.0,0.0,0.0,0.0,1.0,234.7,25.0,1.0,0,0,143.63,8.0,2.0,82
kyren williams,LAR,RB,0.0,0.0,0.0,0.0,260.0,1105.0,4.3,10.0,30.0,210.0,7.0,1.0,0.0,0.0,0.0,0.0,1.0,238.1,24.0,1.05,0,0,142.8965,9.0,2.0,83
matthew golden,GB,WR,0.0,0.0,0.0,0.0,5.0,26.0,5.2,0.0,59.0,800.0,13.6,5.0,0.0,0.0,0.0,0.0,1.0,0.0,21.0,1.2,0,0,141.95999999999998,42.0,9.0,84
darnell mooney,ATL,WR,0.0,0.0,0.0,0.0,1.0,5.0,5.0,0.0,59.0,805.0,13.6,5.0,0.0,0.0,0.0,0.0,1.0,129.2,27.0,0.9,0,0,141.669,43.0,9.0,85
keon coleman,BUF,WR,0.0,0.0,0.0,0.0,1.0,5.0,5.0,0.0,49.0,672.0,13.7,4.0,0.0,0.0,0.0,0.0,1.0,82.5,22.0,1.15,0,0,141.32349999999997,44.0,9.0,86
chris olave,NO,WR,0.0,0.0,0.0,0.0,1.0,5.0,5.0,0.0,66.0,861.0,13.0,5.0,0.0,0.0,0.0,0.0,1.0,44.7,25.0,1.0,0,0,140.88,45.0,9.0,87
davante adams,LAR,WR,0.0,0.0,0.0,0.0,0.0,0.0,0.0,0.0,79.0,968.0,12.3,7.0,0.0,0.0,0.0,0.0,1.0,156.3,32.0,0.7,0,0,139.54500000000002,46.0,10.0,88
quentin johnston,LAC,WR,0.0,0.0,0.0,0.0,2.0,9.0,4.5,0.0,45.0,597.0,13.3,4.0,0.0,0.0,0.0,0.0,1.0,119.7,23.0,1.1,0,0,138.6,47.0,10.0,89
tucker kraft,GB,TE,0.0,0.0,0.0,0.0,0.0,0.0,0.0,0.0,56.0,596.0,10.6,4.0,0.0,0.0,0.0,0.0,1.0,113.3,24.0,1.05,0,0,138.29549999999998,4.0,1.0,90
rashod bateman,BAL,WR,0.0,0.0,0.0,0.0,0.0,0.0,0.0,0.0,44.0,679.0,15.4,5.0,0.0,0.0,0.0,0.0,1.0,129.6,25.0,1.0,0,0,138.20999999999998,48.0,10.0,91
breece hall,NYJ,RB,0.0,0.0,0.0,0.0,235.0,1051.0,4.5,7.0,40.0,300.0,7.5,1.0,0.0,0.0,0.0,0.0,1.0,183.9,24.0,1.05,0,0,137.2885,10.0,2.0,92
george kittle,SF,TE,0.0,0.0,0.0,0.0,0.0,0.0,0.0,0.0,70.0,970.0,13.9,7.0,0.0,0.0,0.0,0.0,1.0,158.6,31.0,0.7,0,0,135.71599999999998,5.0,1.0,93
joe flacco,CLE,QB,2040.0,11.0,9.0,6.9,18.0,68.0,3.8,2.0,0.0,0.0,0.0,0.0,0.0,0.0,0.0,0.0,1.0,106.0,,1.0,0,0,133.89999999999998,31.0,7.0,94
calvin ridley,TEN,WR,0.0,0.0,0.0,0.0,8.0,46.0,5.8,0.0,68.0,928.0,13.6,6.0,0.0,0.0,0.0,0.0,1.0,135.2,30.0,0.75,0,0,133.74,49.0,10.0,95
michael pittman,IND,WR,0.0,0.0,0.0,0.0,1.0,5.0,5.0,0.0,66.0,765.0,11.6,4.0,0.0,0.0,0.0,0.0,1.0,96.8,27.0,0.9,0,0,131.031,50.0,10.0,96
jalen mcmillan,TB,WR,0.0,0.0,0.0,0.0,3.0,21.0,7.0,0.0,45.0,585.0,13.0,4.0,0.0,0.0,0.0,0.0,1.0,98.4,23.0,1.1,0,0,130.64700000000002,51.0,11.0,97
chris godwin,TB,WR,0.0,0.0,0.0,0.0,1.0,5.0,5.0,0.0,76.0,832.0,10.9,6.0,0.0,0.0,0.0,0.0,1.0,87.8,29.0,0.8,0,0,130.384,52.0,11.0,98
deebo samuel,WAS,WR,0.0,0.0,0.0,0.0,24.0,135.0,5.6,1.0,59.0,709.0,12.0,5.0,279.0,0.0,0.0,0.0,1.0,102.6,29.0,0.8,0,0,129.792,53.0,11.0,99
jonathan taylor,IND,RB,0.0,0.0,0.0,0.0,279.0,1311.0,4.7,10.0,27.0,203.0,7.5,1.0,0.0,0.0,0.0,0.0,1.0,226.7,26.0,0.95,0,0,127.954,11.0,3.0,100
luther burden,CHI,WR,0.0,0.0,0.0,0.0,7.0,42.0,6.0,1.0,52.0,616.0,11.8,4.0,141.0,0.0,0.0,0.0,1.0,0.0,21.0,1.2,0,0,127.42799999999997,54.0,11.0,101
chuba hubbard,CAR,RB,0.0,0.0,0.0,0.0,240.0,1046.0,4.4,7.0,37.0,272.0,7.4,1.0,0.0,0.0,0.0,0.0,1.0,198.6,26.0,0.95,0,0,127.28399999999999,12.0,3.0,102
jordan whittington,LAR,WR,0.0,0.0,0.0,0.0,6.0,29.0,4.8,0.0,42.0,460.0,11.0,3.0,535.0,0.0,0.0,0.0,1.0,30.5,24.0,1.05,0,0,126.84,55.0,11.0,103
adam thielen,CAR,WR,0.0,0.0,0.0,0.0,1.0,5.0,5.0,0.0,56.0,619.0,11.1,4.0,0.0,0.0,0.0,0.0,1.0,91.5,,1.0,0,0,126.78,56.0,12.0,104
zach ertz,WAS,TE,0.0,0.0,0.0,0.0,0.0,0.0,0.0,0.0,56.0,531.0,9.5,4.0,0.0,0.0,0.0,0.0,1.0,111.4,,1.0,0,0,126.58999999999999,6.0,2.0,105
wan'dale robinson,NYG,WR,0.0,0.0,0.0,0.0,4.0,17.0,4.3,0.0,60.0,538.0,9.0,3.0,0.0,0.0,0.0,0.0,1.0,89.7,24.0,1.05,0,0,125.1285,57.0,12.0,106
colston loveland,CHI,TE,0.0,0.0,0.0,0.0,0.0,0.0,0.0,0.0,62.0,628.0,10.1,4.0,0.0,0.0,0.0,0.0,1.0,0.0,21.0,1.2,0,0,124.99199999999999,7.0,2.0,107
mark andrews,BAL,TE,0.0,0.0,0.0,0.0,3.0,4.0,1.3,0.0,55.0,681.0,12.4,7.0,0.0,0.0,0.0,0.0,1.0,133.8,29.0,0.8,0,0,124.56799999999998,8.0,2.0,108
alec pierce,IND,WR,0.0,0.0,0.0,0.0,0.0,0.0,0.0,0.0,37.0,608.0,16.4,4.0,0.0,0.0,0.0,0.0,1.0,124.4,25.0,1.0,0,0,122.57999999999998,58.0,12.0,109
jayden higgins,HOU,WR,0.0,0.0,0.0,0.0,0.0,0.0,0.0,0.0,54.0,679.0,12.6,5.0,0.0,0.0,0.0,0.0,1.0,0.0,22.0,1.15,0,0,122.27949999999998,59.0,12.0,110
kavontae turpin,DAL,WR,0.0,0.0,0.0,0.0,13.0,77.0,5.9,1.0,25.0,322.0,12.9,2.0,671.0,1.0,173.0,0.0,1.0,73.2,,1.0,0,0,121.57,60.0,12.0,111
emeka egbuka,TB,WR,0.0,0.0,0.0,0.0,1.0,4.0,4.0,0.0,53.0,679.0,12.8,5.0,0.0,0.0,0.0,0.0,1.0,0.0,22.0,1.15,0,0,121.47449999999999,61.0,13.0,112
alvin kamara,NO,RB,0.0,0.0,0.0,0.0,198.0,813.0,4.1,5.0,56.0,405.0,7.2,2.0,0.0,0.0,0.0,0.0,1.0,197.3,30.0,0.75,0,0,121.15499999999999,13.0,3.0,113
keenan allen,FA,WR,0.0,0.0,0.0,0.0,0.0,0.0,0.0,0.0,47.0,488.0,10.4,4.0,0.0,0.0,0.0,0.0,1.0,115.4,,1.0,0,0,118.47999999999999,62.0,13.0,114
brandon aiyuk,SF,WR,0.0,0.0,0.0,0.0,0.0,0.0,0.0,0.0,57.0,824.0,14.5,5.0,0.0,0.0,0.0,0.0,1.0,37.4,27.0,0.9,0,0,116.82000000000001,63.0,13.0,115
demario douglas,NE,WR,0.0,0.0,0.0,0.0,5.0,23.0,4.6,0.0,50.0,544.0,10.9,3.0,0.0,0.0,0.0,0.0,1.0,81.7,24.0,1.05,0,0,115.6995,64.0,13.0,116
kyle pitts,ATL,TE,0.0,0.0,0.0,0.0,0.0,0.0,0.0,0.0,46.0,573.0,12.5,3.0,0.0,0.0,0.0,0.0,1.0,84.2,24.0,1.05,0,0,115.6785,9.0,2.0,117
t.j. hockenson,MIN,TE,0.0,0.0,0.0,0.0,0.0,0.0,0.0,0.0,70.0,748.0,10.7,5.0,0.0,0.0,0.0,0.0,1.0,45.5,28.0,0.85,0,0,115.60849999999999,10.0,2.0,118
tre harris,LAC,WR,0.0,0.0,0.0,0.0,1.0,4.0,4.0,0.0,53.0,725.0,13.7,4.0,0.0,0.0,0.0,0.0,1.0,0.0,23.0,1.1,0,0,115.115,65.0,13.0,119
tyler warren,IND,TE,0.0,0.0,0.0,0.0,2.0,11.0,5.5,0.0,61.0,624.0,10.2,4.0,0.0,0.0,0.0,0.0,1.0,0.0,23.0,1.1,0,0,113.498,11.0,3.0,120
joshua palmer,BUF,WR,0.0,0.0,0.0,0.0,0.0,0.0,0.0,0.0,47.0,614.0,13.1,4.0,0.0,0.0,0.0,0.0,1.0,68.4,25.0,1.0,0,0,113.19999999999999,66.0,14.0,121
d'andre swift,CHI,RB,0.0,0.0,0.0,0.0,198.0,827.0,4.2,5.0,35.0,248.0,7.1,1.0,0.0,0.0,0.0,0.0,1.0,172.5,26.0,0.95,0,0,112.7195,14.0,3.0,122
derrick henry,BAL,RB,0.0,0.0,0.0,0.0,285.0,1542.0,5.4,13.0,15.0,143.0,9.5,1.0,0.0,0.0,0.0,0.0,1.0,317.4,31.0,0.7,0,0,112.45099999999998,15.0,3.0,123
tyler shough,NO,QB,2432.0,13.0,11.0,6.6,57.0,269.0,4.7,3.0,0.0,0.0,0.0,0.0,0.0,0.0,0.0,0.0,1.0,0.0,25.0,1.0,0,0,111.36999999999999,32.0,7.0,124
dalton kincaid,BUF,TE,0.0,0.0,0.0,0.0,0.0,0.0,0.0,0.0,58.0,585.0,10.1,3.0,0.0,0.0,0.0,0.0,1.0,56.8,25.0,1.0,0,0,111.19,12.0,3.0,125
jake ferguson,DAL,TE,0.0,0.0,0.0,0.0,0.0,0.0,0.0,0.0,62.0,612.0,9.9,4.0,0.0,0.0,0.0,0.0,1.0,45.4,26.0,0.95,0,0,110.827,13.0,3.0,126
zach charbonnet,SEA,RB,0.0,0.0,0.0,0.0,101.0,425.0,4.2,3.0,38.0,274.0,7.2,1.0,0.0,0.0,0.0,0.0,1.0,144.9,24.0,1.05,0,0,108.2225,16.0,4.0,127
jaylen warren,PIT,RB,0.0,0.0,0.0,0.0,171.0,747.0,4.4,4.0,42.0,311.0,7.4,1.0,207.0,0.0,0.0,0.0,1.0,86.1,26.0,0.95,0,0,108.00549999999998,17.0,4.0,128
jack bech,LV,WR,0.0,0.0,0.0,0.0,0.0,0.0,0.0,0.0,53.0,621.0,11.7,4.0,0.0,0.0,0.0,0.0,1.0,0.0,23.0,1.1,0,0,107.107,67.0,14.0,129
david njoku,CLE,TE,0.0,0.0,0.0,0.0,0.0,0.0,0.0,0.0,65.0,651.0,10.0,4.0,0.0,0.0,0.0,0.0,1.0,84.5,29.0,0.8,0,0,106.57600000000001,14.0,3.0,130
kirk cousins,ATL,QB,655.0,4.0,2.0,6.8,7.0,7.0,1.0,1.0,0.0,0.0,0.0,0.0,0.0,0.0,0.0,0.0,1.0,192.3,,1.0,0,0,105.53750000000001,33.0,7.0,131
cooper kupp,SEA,WR,0.0,0.0,0.0,0.0,2.0,11.0,5.5,0.0,67.0,703.0,10.5,5.0,0.0,0.0,0.0,0.0,1.0,108.0,32.0,0.7,0,0,104.65699999999998,68.0,14.0,132
travis kelce,KC,TE,0.0,0.0,0.0,0.0,1.0,1.0,1.0,0.0,71.0,702.0,9.9,5.0,0.0,0.0,0.0,0.0,1.0,98.4,35.0,0.7,0,0,104.55199999999998,15.0,3.0,133
romeo doubs,GB,WR,0.0,0.0,0.0,0.0,0.0,0.0,0.0,0.0,39.0,488.0,12.5,4.0,0.0,0.0,0.0,0.0,1.0,86.1,25.0,1.0,0,0,104.08999999999999,69.0,14.0,134
isaiah likely,BAL,TE,0.0,0.0,0.0,0.0,0.0,0.0,0.0,0.0,42.0,469.0,11.2,4.0,0.0,0.0,0.0,0.0,1.0,81.7,25.0,1.0,0,0,103.54,16.0,4.0,135
james conner,ARI,RB,0.0,0.0,0.0,0.0,214.0,981.0,4.6,8.0,35.0,259.0,7.4,1.0,0.0,0.0,0.0,0.0,1.0,206.8,30.0,0.75,0,0,103.05250000000001,18.0,4.0,136
christian kirk,HOU,WR,0.0,0.0,0.0,0.0,1.0,5.0,5.0,0.0,59.0,694.0,11.8,4.0,0.0,0.0,0.0,0.0,1.0,43.9,28.0,0.85,0,0,101.87249999999999,70.0,14.0,137
michael wilson,ARI,WR,0.0,0.0,0.0,0.0,0.0,0.0,0.0,0.0,41.0,532.0,13.0,3.0,0.0,0.0,0.0,0.0,1.0,77.5,25.0,1.0,0,0,101.78999999999999,71.0,15.0,138
tyrone tracy,NYG,RB,0.0,0.0,0.0,0.0,170.0,724.0,4.3,4.0,31.0,221.0,7.1,1.0,0.0,0.0,0.0,0.0,1.0,144.3,25.0,1.0,0,0,101.66,19.0,4.0,139
jalen coker,CAR,WR,0.0,0.0,0.0,0.0,2.0,8.0,4.0,0.0,39.0,490.0,12.6,3.0,0.0,0.0,0.0,0.0,1.0,60.6,23.0,1.1,0,0,101.61800000000001,72.0,15.0,140
christian mccaffrey,SF,RB,0.0,0.0,0.0,0.0,215.0,972.0,4.5,8.0,61.0,498.0,8.2,3.0,0.0,0.0,0.0,0.0,1.0,32.8,29.0,0.8,0,0,101.5,20.0,4.0,141
ashton jeanty,LV,RB,0.0,0.0,0.0,0.0,280.0,1235.0,4.4,8.0,43.0,319.0,7.4,2.0,0.0,0.0,0.0,0.0,1.0,0.0,21.0,1.2,0,0,100.996,21.0,5.0,142
aaron jones,MIN,RB,0.0,0.0,0.0,0.0,186.0,798.0,4.3,4.0,36.0,270.0,7.5,2.0,0.0,0.0,0.0,0.0,1.0,190.6,30.0,0.75,0,0,100.86000000000001,22.0,5.0,143
jonnu smith,PIT,TE,0.0,0.0,0.0,0.0,1.0,3.0,3.0,0.0,51.0,523.0,10.3,3.0,0.0,0.0,0.0,0.0,1.0,134.3,29.0,0.8,0,0,100.16,17.0,4.0,144
joe mixon,HOU,RB,0.0,0.0,0.0,0.0,178.0,738.0,4.1,6.0,30.0,221.0,7.4,1.0,0.0,0.0,0.0,0.0,1.0,204.5,29.0,0.8,0,0,99.416,23.0,5.0,145
ja'tavion sanders,CAR,TE,0.0,0.0,0.0,0.0,0.0,0.0,0.0,0.0,44.0,439.0,10.0,3.0,0.0,0.0,0.0,0.0,1.0,40.2,22.0,1.15,0,0,99.11849999999998,18.0,4.0,146
kyle williams,NE,WR,0.0,0.0,0.0,0.0,0.0,0.0,0.0,0.0,40.0,588.0,14.7,4.0,0.0,0.0,0.0,0.0,1.0,0.0,22.0,1.15,0,0,98.85399999999998,73.0,15.0,147
sean tucker,TB,RB,0.0,0.0,0.0,0.0,51.0,221.0,4.3,2.0,9.0,65.0,7.2,0.0,685.0,2.0,0.0,0.0,1.0,59.7,23.0,1.1,0,0,98.72099999999999,24.0,5.0,148
stefon diggs,NE,WR,0.0,0.0,0.0,0.0,1.0,6.0,6.0,0.0,69.0,761.0,11.0,4.0,0.0,0.0,0.0,0.0,1.0,74.9,31.0,0.7,0,0,98.588,74.0,15.0,149
tony pollard,TEN,RB,0.0,0.0,0.0,0.0,215.0,918.0,4.3,5.0,31.0,225.0,7.3,1.0,0.0,0.0,0.0,0.0,1.0,159.7,28.0,0.85,0,0,97.626,25.0,5.0,150
kayshon boutte,NE,WR,0.0,0.0,0.0,0.0,0.0,0.0,0.0,0.0,32.0,427.0,13.3,3.0,0.0,0.0,0.0,0.0,1.0,78.9,23.0,1.1,0,0,97.41600000000001,75.0,15.0,151
chig okonkwo,TEN,TE,0.0,0.0,0.0,0.0,1.0,5.0,5.0,0.0,48.0,467.0,9.7,3.0,0.0,0.0,0.0,0.0,1.0,61.6,25.0,1.0,0,0,97.37,19.0,4.0,152
dontayvion wicks,GB,WR,0.0,0.0,0.0,0.0,0.0,0.0,0.0,0.0,37.0,467.0,12.6,3.0,0.0,0.0,0.0,0.0,1.0,71.5,24.0,1.05,0,0,97.272,76.0,16.0,153
cade otton,TB,TE,0.0,0.0,0.0,0.0,0.0,0.0,0.0,0.0,46.0,462.0,10.0,3.0,0.0,0.0,0.0,0.0,1.0,81.6,26.0,0.95,0,0,96.539,20.0,4.0,154
pat freiermuth,PIT,TE,0.0,0.0,0.0,0.0,0.0,0.0,0.0,0.0,41.0,415.0,10.1,3.0,0.0,0.0,0.0,0.0,1.0,103.3,26.0,0.95,0,0,96.27299999999998,21.0,5.0,155
mason taylor,NYJ,TE,0.0,0.0,0.0,0.0,0.0,0.0,0.0,0.0,47.0,476.0,10.1,3.0,0.0,0.0,0.0,0.0,1.0,0.0,21.0,1.2,0,0,94.58399999999999,22.0,5.0,156
xavier legette,CAR,WR,0.0,0.0,0.0,0.0,4.0,18.0,4.5,0.0,34.0,431.0,12.7,3.0,0.0,0.0,0.0,0.0,1.0,76.1,24.0,1.05,0,0,93.86999999999999,77.0,16.0,157
juwan johnson,NO,TE,0.0,0.0,0.0,0.0,0.0,0.0,0.0,0.0,41.0,438.0,10.7,3.0,0.0,0.0,0.0,0.0,1.0,72.8,,1.0,0,0,93.8,23.0,5.0,158
najee harris,LAC,RB,0.0,0.0,0.0,0.0,165.0,692.0,4.2,5.0,26.0,179.0,6.9,1.0,0.0,0.0,0.0,0.0,1.0,168.6,27.0,0.9,0,0,93.45899999999999,26.0,6.0,159
david montgomery,DET,RB,0.0,0.0,0.0,0.0,185.0,797.0,4.3,9.0,23.0,173.0,7.5,1.0,0.0,0.0,0.0,0.0,1.0,185.7,28.0,0.85,0,0,93.40199999999999,27.0,6.0,160
j.k. dobbins,DEN,RB,0.0,0.0,0.0,0.0,130.0,546.0,4.2,5.0,27.0,191.0,7.1,1.0,0.0,0.0,0.0,0.0,1.0,159.8,26.0,0.95,0,0,93.1895,28.0,6.0,161
cedric tillman,CLE,WR,0.0,0.0,0.0,0.0,1.0,5.0,5.0,0.0,40.0,527.0,13.2,3.0,0.0,0.0,0.0,0.0,1.0,51.4,25.0,1.0,0,0,92.91,78.0,16.0,162
dallas goedert,PHI,TE,0.0,0.0,0.0,0.0,0.0,0.0,0.0,0.0,60.0,655.0,10.9,4.0,0.0,0.0,0.0,0.0,1.0,61.6,30.0,0.75,0,0,92.3475,24.0,5.0,163
rachaad white,TB,RB,0.0,0.0,0.0,0.0,80.0,335.0,4.2,2.0,33.0,241.0,7.3,1.0,0.0,0.0,0.0,0.0,1.0,148.6,26.0,0.95,0,0,92.3125,29.0,6.0,164
tyjae spears,TEN,RB,0.0,0.0,0.0,0.0,108.0,457.0,4.2,3.0,31.0,226.0,7.3,1.0,149.0,0.0,0.0,0.0,1.0,83.6,24.0,1.05,0,0,91.8915,30.0,6.0,165
mike gesicki,CIN,TE,0.0,0.0,0.0,0.0,0.0,0.0,0.0,0.0,55.0,569.0,10.3,3.0,0.0,0.0,0.0,0.0,1.0,76.5,29.0,0.8,0,0,91.104,25.0,5.0,166
allen lazard,NYJ,WR,0.0,0.0,0.0,0.0,0.0,0.0,0.0,0.0,32.0,410.0,12.8,3.0,0.0,0.0,0.0,0.0,1.0,89.0,,1.0,0,0,90.39999999999999,79.0,16.0,167
daniel jones,IND,QB,793.0,4.0,3.0,6.6,23.0,116.0,5.0,1.0,0.0,0.0,0.0,0.0,0.0,0.0,0.0,0.0,1.0,142.3,,1.0,0,0,89.8675,34.0,7.0,168
hunter henry,NE,TE,0.0,0.0,0.0,0.0,0.0,0.0,0.0,0.0,54.0,564.0,10.4,4.0,0.0,0.0,0.0,0.0,1.0,79.4,30.0,0.75,0,0,88.42500000000001,26.0,6.0,169
evan engram,DEN,TE,0.0,0.0,0.0,0.0,0.0,0.0,0.0,0.0,65.0,606.0,9.3,4.0,0.0,0.0,0.0,0.0,1.0,42.5,30.0,0.75,0,0,88.10249999999999,27.0,6.0,170
elijah arroyo,SEA,TE,0.0,0.0,0.0,0.0,0.0,0.0,0.0,0.0,44.0,458.0,10.4,3.0,0.0,0.0,0.0,0.0,1.0,0.0,22.0,1.15,0,0,86.77899999999998,28.0,6.0,171
nick westbrook-ikhine,MIA,WR,0.0,0.0,0.0,0.0,0.0,0.0,0.0,0.0,26.0,347.0,13.3,3.0,0.0,0.0,0.0,0.0,1.0,103.7,,1.0,0,0,86.19999999999999,80.0,16.0,172
marquez valdes-scantling,SEA,WR,0.0,0.0,0.0,0.0,0.0,0.0,0.0,0.0,30.0,461.0,15.4,3.0,0.0,0.0,0.0,0.0,1.0,65.5,,1.0,0,0,85.51999999999998,81.0,17.0,173
malik washington,MIA,WR,0.0,0.0,0.0,0.0,3.0,17.0,5.7,0.0,30.0,308.0,10.3,2.0,252.0,1.0,103.0,0.0,1.0,28.8,24.0,1.05,0,0,85.512,82.0,17.0,174
jordan mason,MIN,RB,0.0,0.0,0.0,0.0,160.0,681.0,4.3,5.0,20.0,145.0,7.3,1.0,194.0,0.0,0.0,0.0,1.0,104.0,26.0,0.95,0,0,85.47349999999999,31.0,7.0,175
brian robinson,WAS,RB,0.0,0.0,0.0,0.0,174.0,735.0,4.2,6.0,21.0,149.0,7.1,1.0,0.0,0.0,0.0,0.0,1.0,139.8,26.0,0.95,0,0,85.10650000000001,32.0,7.0,176
rhamondre stevenson,NE,RB,0.0,0.0,0.0,0.0,142.0,601.0,4.2,4.0,26.0,183.0,7.0,1.0,0.0,0.0,0.0,0.0,1.0,142.9,27.0,0.9,0,0,84.472,33.0,7.0,177
adonai mitchell,IND,WR,0.0,0.0,0.0,0.0,3.0,18.0,6.0,0.0,30.0,436.0,14.5,3.0,0.0,0.0,0.0,0.0,1.0,30.8,22.0,1.15,0,0,84.36399999999998,83.0,17.0,178
brenton strange,JAX,TE,0.0,0.0,0.0,0.0,0.0,0.0,0.0,0.0,49.0,472.0,9.6,3.0,0.0,0.0,0.0,0.0,1.0,0.0,24.0,1.05,0,0,83.937,29.0,6.0,179
darius slayton,NYG,WR,0.0,0.0,0.0,0.0,0.0,0.0,0.0,0.0,37.0,548.0,14.8,3.0,0.0,0.0,0.0,0.0,1.0,71.0,28.0,0.85,0,0,83.43599999999999,84.0,17.0,180
jalen tolbert,DAL,WR,0.0,0.0,0.0,0.0,0.0,0.0,0.0,0.0,31.0,378.0,12.2,2.0,0.0,0.0,0.0,0.0,1.0,103.0,26.0,0.95,0,0,83.08699999999999,85.0,17.0,181
jalen nailor,MIN,WR,0.0,0.0,0.0,0.0,3.0,18.0,6.0,0.0,30.0,383.0,12.8,3.0,0.0,0.0,0.0,0.0,1.0,75.0,,1.0,0,0,82.91,86.0,18.0,182
hollywood brown,KC,WR,0.0,0.0,0.0,0.0,0.0,0.0,0.0,0.0,49.0,656.0,13.4,4.0,0.0,0.0,0.0,0.0,1.0,0.0,28.0,0.85,0,0,82.467,87.0,18.0,183
tutu atwell,LAR,WR,0.0,0.0,0.0,0.0,3.0,18.0,6.0,0.0,33.0,422.0,12.8,3.0,0.0,0.0,0.0,0.0,1.0,56.9,,1.0,0,0,82.31,88.0,18.0,184
troy franklin,DEN,WR,0.0,0.0,0.0,0.0,1.0,4.0,4.0,0.0,28.0,389.0,13.9,3.0,0.0,0.0,0.0,0.0,1.0,39.1,22.0,1.15,0,0,81.83399999999999,89.0,18.0,185
darren waller,MIA,TE,0.0,0.0,0.0,0.0,0.0,0.0,0.0,0.0,44.0,486.0,11.0,4.0,0.0,0.0,0.0,0.0,1.0,0.0,,1.0,0,0,81.61999999999999,30.0,6.0,186
theo johnson,NYG,TE,0.0,0.0,0.0,0.0,0.0,0.0,0.0,0.0,41.0,409.0,10.0,2.0,0.0,0.0,0.0,0.0,1.0,39.1,24.0,1.05,0,0,81.33300000000001,31.0,7.0,187
austin ekeler,WAS,RB,0.0,0.0,0.0,0.0,89.0,382.0,4.3,3.0,29.0,223.0,7.7,1.0,320.0,1.0,0.0,0.0,1.0,97.3,30.0,0.75,0,0,80.825,34.0,7.0,188
dyami brown,JAX,WR,0.0,0.0,0.0,0.0,1.0,7.0,7.0,0.0,41.0,557.0,13.6,3.0,0.0,0.0,0.0,0.0,1.0,0.0,25.0,1.0,0,0,80.28999999999999,90.0,18.0,189
omarion hampton,LAC,RB,0.0,0.0,0.0,0.0,231.0,1039.0,4.5,7.0,38.0,265.0,7.0,1.0,0.0,0.0,0.0,0.0,1.0,0.0,22.0,1.15,0,0,79.85249999999999,35.0,7.0,190
noah gray,KC,TE,0.0,0.0,0.0,0.0,0.0,0.0,0.0,0.0,35.0,353.0,10.1,3.0,0.0,0.0,0.0,0.0,1.0,73.3,26.0,0.95,0,0,79.61,32.0,7.0,191
tre tucker,LV,WR,0.0,0.0,0.0,0.0,8.0,36.0,4.5,0.0,26.0,322.0,12.4,2.0,75.0,0.0,112.0,0.0,1.0,82.3,,1.0,0,0,79.08,91.0,19.0,192
ray davis,BUF,RB,0.0,0.0,0.0,0.0,107.0,481.0,4.5,4.0,17.0,155.0,9.1,1.0,156.0,0.0,0.0,0.0,1.0,99.1,25.0,1.0,0,0,78.3,36.0,8.0,193
greg dortch,ARI,WR,0.0,0.0,0.0,0.0,7.0,37.0,5.3,0.0,31.0,281.0,9.1,2.0,177.0,0.0,296.0,0.0,1.0,53.3,,1.0,0,0,78.15,92.0,19.0,194
rico dowdle,CAR,RB,0.0,0.0,0.0,0.0,86.0,362.0,4.2,2.0,21.0,149.0,7.1,1.0,0.0,0.0,0.0,0.0,1.0,158.8,27.0,0.9,0,0,77.87299999999999,37.0,8.0,195
demarcus robinson,SF,WR,0.0,0.0,0.0,0.0,0.0,0.0,0.0,0.0,25.0,343.0,13.7,2.0,0.0,0.0,0.0,0.0,1.0,92.5,,1.0,0,0,77.66,93.0,19.0,196
dalton schultz,HOU,TE,0.0,0.0,0.0,0.0,0.0,0.0,0.0,0.0,45.0,467.0,10.4,3.0,0.0,0.0,0.0,0.0,1.0,65.2,29.0,0.8,0,0,77.08,33.0,7.0,197
jerome ford,CLE,RB,0.0,0.0,0.0,0.0,82.0,340.0,4.1,2.0,23.0,166.0,7.2,1.0,105.0,0.0,0.0,0.0,1.0,97.0,25.0,1.0,0,0,76.57,38.0,8.0,198
jaylin noel,HOU,WR,0.0,0.0,0.0,0.0,0.0,0.0,0.0,0.0,35.0,411.0,11.7,3.0,0.0,0.0,0.0,0.0,1.0,0.0,22.0,1.15,0,0,75.75049999999999,94.0,19.0,199
jameis winston,NYG,QB,420.0,3.0,2.0,7.0,5.0,15.0,3.0,0.0,0.0,0.0,0.0,0.0,0.0,0.0,0.0,0.0,1.0,143.1,,1.0,0,0,75.3625,35.0,7.0,200
tyler conklin,LAC,TE,0.0,0.0,0.0,0.0,0.0,0.0,0.0,0.0,33.0,316.0,9.6,2.0,0.0,0.0,0.0,0.0,1.0,70.9,,1.0,0,0,74.88999999999999,34.0,7.0,201
gabe davis,FA,WR,0.0,0.0,0.0,0.0,0.0,0.0,0.0,0.0,31.0,431.0,13.9,3.0,0.0,0.0,0.0,0.0,1.0,33.9,,1.0,0,0,74.64,95.0,19.0,202
javonte williams,DAL,RB,0.0,0.0,0.0,0.0,102.0,423.0,4.1,3.0,24.0,162.0,6.8,1.0,0.0,0.0,0.0,0.0,1.0,105.9,25.0,1.0,0,0,74.31,39.0,8.0,203
malachi corley,NYJ,WR,0.0,0.0,0.0,0.0,6.0,46.0,7.7,0.0,32.0,310.0,9.7,2.0,191.0,0.0,0.0,0.0,1.0,2.2,23.0,1.1,0,0,73.18299999999999,96.0,20.0,204
treveyon henderson,NE,RB,0.0,0.0,0.0,0.0,207.0,884.0,4.3,5.0,34.0,251.0,7.4,1.0,0.0,0.0,0.0,0.0,1.0,0.0,22.0,1.15,0,0,73.10549999999999,40.0,8.0,205
andrei iosas,CIN,WR,0.0,0.0,0.0,0.0,0.0,0.0,0.0,0.0,26.0,304.0,11.7,2.0,0.0,0.0,0.0,0.0,1.0,83.9,25.0,1.0,0,0,73.05000000000001,97.0,20.0,206
isiah pacheco,KC,RB,0.0,0.0,0.0,0.0,198.0,837.0,4.2,6.0,31.0,228.0,7.4,1.0,0.0,0.0,0.0,0.0,1.0,44.9,26.0,0.95,0,0,72.36349999999999,41.0,9.0,207
cole kmet,CHI,TE,0.0,0.0,0.0,0.0,0.0,0.0,0.0,0.0,32.0,330.0,10.3,2.0,0.0,0.0,0.0,0.0,1.0,73.4,26.0,0.95,0,0,72.124,35.0,7.0,208
amari cooper,FA,WR,0.0,0.0,0.0,0.0,0.0,0.0,0.0,0.0,38.0,570.0,15.0,3.0,0.0,0.0,0.0,0.0,1.0,78.7,31.0,0.7,0,0,71.89699999999999,98.0,20.0,209
isaac guerendo,SF,RB,0.0,0.0,0.0,0.0,103.0,443.0,4.3,3.0,14.0,102.0,7.3,1.0,233.0,0.0,0.0,0.0,1.0,79.2,25.0,1.0,0,0,71.50999999999999,42.0,9.0,210
jalen royals,KC,WR,0.0,0.0,0.0,0.0,0.0,0.0,0.0,0.0,32.0,381.0,11.9,3.0,0.0,0.0,0.0,0.0,1.0,0.0,22.0,1.15,0,0,70.92049999999999,99.0,20.0,211
justice hill,BAL,RB,0.0,0.0,0.0,0.0,35.0,165.0,4.7,1.0,32.0,254.0,7.9,2.0,0.0,0.0,0.0,0.0,1.0,85.1,27.0,0.9,0,0,70.199,43.0,9.0,212
cordarrelle patterson,FA,RB,0.0,0.0,0.0,0.0,30.0,130.0,4.3,1.0,6.0,45.0,7.5,0.0,742.0,0.0,0.0,0.0,1.0,25.5,,1.0,0,0,69.94,44.0,9.0,213
brandin cooks,NO,WR,0.0,0.0,0.0,0.0,1.0,6.0,6.0,0.0,30.0,390.0,13.0,2.0,0.0,0.0,0.0,0.0,1.0,43.6,,1.0,0,0,69.78,100.0,20.0,214
mason rudolph,PIT,QB,611.0,4.0,3.0,6.8,8.0,25.0,3.1,0.0,0.0,0.0,0.0,0.0,0.0,0.0,0.0,0.0,1.0,104.8,,1.0,0,0,69.43499999999999,36.0,8.0,215
will dissly,LAC,TE,0.0,0.0,0.0,0.0,0.0,0.0,0.0,0.0,31.0,296.0,9.5,2.0,0.0,0.0,0.0,0.0,1.0,60.1,,1.0,0,0,68.85,36.0,8.0,216
jermaine burton,CIN,WR,0.0,0.0,0.0,0.0,1.0,6.0,6.0,0.0,24.0,340.0,14.2,2.0,188.0,0.0,0.0,0.0,1.0,10.7,24.0,1.05,0,0,68.6385,101.0,21.0,217
travis etienne,JAX,RB,0.0,0.0,0.0,0.0,147.0,632.0,4.3,4.0,39.0,295.0,7.6,2.0,0.0,0.0,0.0,0.0,1.0,0.0,26.0,0.95,0,0,68.23249999999999,45.0,9.0,218
rj harvey,DEN,RB,0.0,0.0,0.0,0.0,195.0,830.0,4.3,6.0,35.0,252.0,7.2,1.0,0.0,0.0,0.0,0.0,1.0,0.0,24.0,1.05,0,0,68.157,46.0,10.0,219
noah fant,FA,TE,0.0,0.0,0.0,0.0,0.0,0.0,0.0,0.0,30.0,308.0,10.3,2.0,0.0,0.0,0.0,0.0,1.0,56.0,,1.0,0,0,67.75999999999999,37.0,8.0,220
calvin austin,PIT,WR,0.0,0.0,0.0,0.0,3.0,14.0,4.7,0.0,34.0,441.0,13.0,3.0,0.0,0.0,0.0,0.0,1.0,0.0,,1.0,0,0,67.27,102.0,21.0,221
will levis,TEN,QB,406.0,2.0,2.0,6.8,7.0,25.0,3.6,0.0,0.0,0.0,0.0,0.0,0.0,0.0,0.0,0.0,1.0,131.9,,1.0,0,0,67.1725,37.0,8.0,222
deandre hopkins,BAL,WR,0.0,0.0,0.0,0.0,0.0,0.0,0.0,0.0,36.0,429.0,11.9,3.0,0.0,0.0,0.0,0.0,1.0,91.0,33.0,0.7,0,0,66.591,103.0,21.0,223
quinshon judkins,CLE,RB,0.0,0.0,0.0,0.0,223.0,938.0,4.2,6.0,27.0,196.0,7.3,1.0,0.0,0.0,0.0,0.0,1.0,0.0,21.0,1.2,0,0,66.484,47.0,10.0,224
derius davis,LAC,WR,0.0,0.0,0.0,0.0,7.0,40.0,5.7,0.0,12.0,145.0,12.1,1.0,445.0,1.0,199.0,0.0,1.0,27.1,,1.0,0,0,66.22999999999999,104.0,21.0,225
noah brown,WAS,WR,0.0,0.0,0.0,0.0,0.0,0.0,0.0,0.0,26.0,330.0,12.7,2.0,0.0,0.0,0.0,0.0,1.0,51.3,,1.0,0,0,65.08999999999999,105.0,21.0,226
kenneth walker,SEA,RB,0.0,0.0,0.0,0.0,204.0,879.0,4.3,6.0,31.0,233.0,7.5,1.0,0.0,0.0,0.0,0.0,1.0,0.0,24.0,1.05,0,0,64.7205,48.0,10.0,227
devaughn vele,DEN,WR,0.0,0.0,0.0,0.0,1.0,3.0,3.0,0.0,31.0,305.0,9.8,2.0,0.0,0.0,0.0,0.0,1.0,65.5,27.0,0.9,0,0,63.989999999999995,106.0,22.0,228
spencer rattler,NO,QB,798.0,4.0,3.0,6.5,17.0,83.0,4.9,1.0,0.0,0.0,0.0,0.0,0.0,0.0,0.0,0.0,1.0,72.3,,1.0,0,0,63.79249999999999,38.0,8.0,229
tyler lockett,TEN,WR,0.0,0.0,0.0,0.0,0.0,0.0,0.0,0.0,38.0,416.0,10.9,3.0,0.0,0.0,0.0,0.0,1.0,72.0,32.0,0.7,0,0,62.94399999999999,107.0,22.0,230
roschon johnson,CHI,RB,0.0,0.0,0.0,0.0,53.0,221.0,4.2,2.0,25.0,175.0,7.0,1.0,28.0,0.0,0.0,0.0,1.0,61.4,24.0,1.05,0,0,62.346500000000006,49.0,10.0,231
kareem hunt,KC,RB,0.0,0.0,0.0,0.0,63.0,254.0,4.0,2.0,10.0,72.0,7.2,1.0,0.0,0.0,0.0,0.0,1.0,132.4,,1.0,0,0,62.25999999999999,50.0,10.0,232
aj barner,SEA,TE,0.0,0.0,0.0,0.0,0.0,0.0,0.0,0.0,28.0,278.0,9.9,2.0,0.0,0.0,0.0,0.0,1.0,48.5,,1.0,0,0,62.00999999999999,38.0,8.0,233
olamide zaccheaus,CHI,WR,0.0,0.0,0.0,0.0,1.0,3.0,3.0,0.0,23.0,238.0,10.3,2.0,0.0,0.0,62.0,0.0,1.0,67.4,,1.0,0,0,61.379999999999995,108.0,22.0,234
diontae johnson,CLE,WR,0.0,0.0,0.0,0.0,0.0,0.0,0.0,0.0,35.0,379.0,10.8,2.0,0.0,0.0,0.0,0.0,1.0,56.1,29.0,0.8,0,0,61.007999999999996,109.0,22.0,235
curtis samuel,BUF,WR,0.0,0.0,0.0,0.0,4.0,24.0,6.0,0.0,30.0,307.0,10.2,2.0,0.0,0.0,0.0,0.0,1.0,32.7,,1.0,0,0,60.7,110.0,22.0,236
kaleb johnson,PIT,RB,0.0,0.0,0.0,0.0,193.0,820.0,4.2,6.0,25.0,182.0,7.3,1.0,0.0,0.0,0.0,0.0,1.0,0.0,21.0,1.2,0,0,60.628,51.0,11.0,237
ty johnson,BUF,RB,0.0,0.0,0.0,0.0,43.0,189.0,4.4,1.0,13.0,128.0,9.8,1.0,164.0,0.0,0.0,0.0,1.0,73.7,,1.0,0,0,60.15,52.0,11.0,238
harold fannin,CLE,TE,0.0,0.0,0.0,0.0,0.0,0.0,0.0,0.0,30.0,295.0,9.8,2.0,0.0,0.0,0.0,0.0,1.0,0.0,21.0,1.2,0,0,60.059999999999995,39.0,8.0,239
tyler allgeier,ATL,RB,0.0,0.0,0.0,0.0,120.0,538.0,4.5,4.0,13.0,94.0,7.2,1.0,0.0,0.0,0.0,0.0,1.0,93.2,25.0,1.0,0,0,59.84,53.0,11.0,240
parker washington,JAX,WR,0.0,0.0,0.0,0.0,2.0,8.0,4.0,0.0,24.0,264.0,11.0,2.0,128.0,0.0,72.0,0.0,1.0,0.0,23.0,1.1,0,0,57.90399999999999,111.0,23.0,241
antonio gibson,NE,RB,0.0,0.0,0.0,0.0,35.0,146.0,4.2,1.0,15.0,107.0,7.1,1.0,115.0,0.0,0.0,0.0,1.0,80.4,,1.0,0,0,57.86,54.0,11.0,242
ameer abdullah,FA,RB,0.0,0.0,0.0,0.0,23.0,95.0,4.1,1.0,13.0,92.0,7.1,1.0,144.0,0.0,35.0,0.0,1.0,85.2,,1.0,0,0,57.67999999999999,55.0,11.0,243
mack hollins,NE,WR,0.0,0.0,0.0,0.0,0.0,0.0,0.0,0.0,18.0,230.0,12.8,2.0,0.0,0.0,0.0,0.0,1.0,67.8,,1.0,0,0,57.44,112.0,23.0,244
cam skattebo,NYG,RB,0.0,0.0,0.0,0.0,130.0,548.0,4.2,4.0,30.0,215.0,7.2,1.0,0.0,0.0,0.0,0.0,1.0,0.0,23.0,1.1,0,0,57.275000000000006,56.0,12.0,245
michael mayer,LV,TE,0.0,0.0,0.0,0.0,0.0,0.0,0.0,0.0,29.0,285.0,9.8,2.0,0.0,0.0,0.0,0.0,1.0,15.6,24.0,1.05,0,0,55.9965,40.0,8.0,246
ray-ray mccloud,ATL,WR,0.0,0.0,0.0,0.0,7.0,36.0,5.1,0.0,25.0,245.0,9.8,2.0,321.0,0.0,0.0,0.0,1.0,0.0,28.0,0.85,0,0,55.69199999999999,113.0,23.0,247
jaleel mclaughlin,DEN,RB,0.0,0.0,0.0,0.0,40.0,165.0,4.1,1.0,19.0,138.0,7.3,1.0,0.0,0.0,0.0,0.0,1.0,73.2,24.0,1.05,0,0,55.576,57.0,12.0,248
elic ayomanor,TEN,WR,0.0,0.0,0.0,0.0,2.0,10.0,5.0,0.0,26.0,310.0,11.9,2.0,0.0,0.0,0.0,0.0,1.0,0.0,22.0,1.15,0,0,55.544999999999995,114.0,23.0,249
tyler higbee,LAR,TE,0.0,0.0,0.0,0.0,0.0,0.0,0.0,0.0,30.0,291.0,9.7,2.0,0.0,0.0,0.0,0.0,1.0,18.6,,1.0,0,0,55.349999999999994,41.0,9.0,250
tai felton,MIN,WR,0.0,0.0,0.0,0.0,2.0,15.0,7.5,0.0,25.0,317.0,12.7,2.0,0.0,0.0,0.0,0.0,1.0,0.0,22.0,1.15,0,0,55.30349999999999,115.0,23.0,251
dameon pierce,HOU,RB,0.0,0.0,0.0,0.0,55.0,230.0,4.2,2.0,10.0,73.0,7.3,0.0,346.0,0.0,0.0,0.0,1.0,41.5,,1.0,0,0,54.28,58.0,12.0,252
jaylen wright,MIA,RB,0.0,0.0,0.0,0.0,92.0,402.0,4.4,3.0,20.0,147.0,7.4,1.0,50.0,0.0,0.0,0.0,1.0,23.7,22.0,1.15,0,0,54.16499999999999,59.0,12.0,253
christian watson,GB,WR,0.0,0.0,0.0,0.0,1.0,5.0,5.0,0.0,14.0,227.0,16.2,2.0,0.0,0.0,0.0,0.0,1.0,76.3,26.0,0.95,0,0,54.130999999999986,116.0,24.0,254
tory horton,SEA,WR,0.0,0.0,0.0,0.0,0.0,0.0,0.0,0.0,29.0,359.0,12.4,2.0,0.0,0.0,0.0,0.0,1.0,0.0,,1.0,0,0,53.83,117.0,24.0,255
austin hooper,NE,TE,0.0,0.0,0.0,0.0,0.0,0.0,0.0,0.0,22.0,215.0,9.8,1.0,0.0,0.0,0.0,0.0,1.0,63.6,,1.0,0,0,53.73,42.0,9.0,256
gardner minshew,KC,QB,228.0,2.0,1.0,6.7,4.0,13.0,3.3,0.0,0.0,0.0,0.0,0.0,0.0,0.0,0.0,0.0,1.0,106.3,,1.0,0,0,53.092499999999994,39.0,8.0,257
braelon allen,NYJ,RB,0.0,0.0,0.0,0.0,63.0,269.0,4.3,2.0,12.0,90.0,7.5,1.0,0.0,0.0,0.0,0.0,1.0,66.2,21.0,1.2,0,0,52.812,60.0,12.0,258
kendrick bourne,NE,WR,0.0,0.0,0.0,0.0,0.0,0.0,0.0,0.0,21.0,252.0,12.0,2.0,0.0,0.0,0.0,0.0,1.0,37.1,,1.0,0,0,51.870000000000005,118.0,24.0,259
trey benson,ARI,RB,0.0,0.0,0.0,0.0,99.0,436.0,4.4,3.0,18.0,129.0,7.2,1.0,0.0,0.0,0.0,0.0,1.0,41.0,23.0,1.1,0,0,51.842999999999996,61.0,13.0,260
cooper rush,BAL,QB,202.0,1.0,1.0,6.7,2.0,8.0,4.0,0.0,0.0,0.0,0.0,0.0,0.0,0.0,0.0,0.0,1.0,114.6,,1.0,0,0,51.79499999999999,40.0,8.0,261
isaac teslaa,DET,WR,0.0,0.0,0.0,0.0,0.0,0.0,0.0,0.0,24.0,312.0,13.0,2.0,0.0,0.0,0.0,0.0,1.0,0.0,23.0,1.1,0,0,51.744,119.0,24.0,262
dawson knox,BUF,TE,0.0,0.0,0.0,0.0,0.0,0.0,0.0,0.0,22.0,237.0,10.8,2.0,0.0,0.0,0.0,0.0,1.0,37.1,,1.0,0,0,51.52,43.0,9.0,263
kalif raymond,DET,WR,0.0,0.0,0.0,0.0,2.0,12.0,6.0,0.0,13.0,151.0,11.6,1.0,221.0,0.0,224.0,1.0,1.0,39.5,,1.0,0,0,51.19,120.0,24.0,264
josh reynolds,NYJ,WR,0.0,0.0,0.0,0.0,0.0,0.0,0.0,0.0,23.0,268.0,11.7,2.0,0.0,0.0,0.0,0.0,1.0,25.4,,1.0,0,0,50.879999999999995,121.0,25.0,265
roman wilson,PIT,WR,0.0,0.0,0.0,0.0,0.0,0.0,0.0,0.0,24.0,331.0,13.8,2.0,0.0,0.0,0.0,0.0,1.0,0.0,24.0,1.05,0,0,50.78849999999999,122.0,25.0,266
jaydon blue,DAL,RB,0.0,0.0,0.0,0.0,104.0,444.0,4.3,3.0,24.0,177.0,7.4,1.0,0.0,0.0,0.0,0.0,1.0,0.0,21.0,1.2,0,0,50.467999999999996,62.0,13.0,267
kenneth gainwell,PIT,RB,0.0,0.0,0.0,0.0,37.0,155.0,4.2,1.0,10.0,72.0,7.2,1.0,228.0,0.0,0.0,0.0,1.0,46.6,,1.0,0,0,49.879999999999995,63.0,13.0,268
elijah moore,BUF,WR,0.0,0.0,0.0,0.0,1.0,5.0,5.0,0.0,19.0,195.0,10.3,1.0,0.0,0.0,0.0,0.0,1.0,59.9,25.0,1.0,0,0,49.12,123.0,25.0,269
robert woods,PIT,WR,0.0,0.0,0.0,0.0,0.0,0.0,0.0,0.0,24.0,257.0,10.7,2.0,0.0,0.0,0.0,0.0,1.0,18.3,,1.0,0,0,48.68,124.0,25.0,270
tank dell,HOU,WR,0.0,0.0,0.0,0.0,1.0,2.0,2.0,0.0,11.0,139.0,12.6,1.0,0.0,0.0,20.0,0.0,1.0,89.0,25.0,1.0,0,0,48.33,125.0,25.0,271
mac jones,SF,QB,211.0,1.0,1.0,6.6,2.0,7.0,3.5,0.0,0.0,0.0,0.0,0.0,0.0,0.0,0.0,0.0,1.0,104.1,,1.0,0,0,48.1725,41.0,9.0,272
foster moreau,NO,TE,0.0,0.0,0.0,0.0,0.0,0.0,0.0,0.0,16.0,154.0,9.6,1.0,0.0,0.0,0.0,0.0,1.0,71.3,,1.0,0,0,47.56999999999999,44.0,9.0,273
ben sinnott,WAS,TE,0.0,0.0,0.0,0.0,0.0,0.0,0.0,0.0,23.0,230.0,10.0,2.0,0.0,0.0,0.0,0.0,1.0,8.8,23.0,1.1,0,0,47.564,45.0,9.0,274
chimere dike,TEN,WR,0.0,0.0,0.0,0.0,2.0,12.0,6.0,0.0,23.0,329.0,14.3,2.0,0.0,0.0,0.0,0.0,1.0,0.0,,1.0,0,0,47.53,126.0,26.0,275
deshaun watson,CLE,QB,395.0,2.0,2.0,6.6,9.0,47.0,5.2,1.0,0.0,0.0,0.0,0.0,0.0,0.0,0.0,0.0,1.0,79.7,,1.0,0,0,47.21249999999999,42.0,9.0,276
raheem blackshear,CAR,RB,0.0,0.0,0.0,0.0,5.0,21.0,4.2,0.0,2.0,15.0,7.5,0.0,535.0,1.0,131.0,0.0,1.0,8.0,,1.0,0,0,46.99999999999999,64.0,13.0,277
aidan o'connell,LV,QB,222.0,1.0,1.0,6.7,1.0,4.0,4.0,0.0,0.0,0.0,0.0,0.0,0.0,0.0,0.0,0.0,1.0,97.5,,1.0,0,0,46.082499999999996,43.0,9.0,278
dont'e thornton,LV,WR,0.0,0.0,0.0,0.0,2.0,12.0,6.0,0.0,23.0,307.0,13.3,2.0,0.0,0.0,0.0,0.0,1.0,0.0,,1.0,0,0,45.99,127.0,26.0,279
terrance ferguson,LAR,TE,0.0,0.0,0.0,0.0,0.0,0.0,0.0,0.0,22.0,226.0,10.3,2.0,0.0,0.0,0.0,0.0,1.0,0.0,22.0,1.15,0,0,45.562999999999995,46.0,10.0,280
isaiah davis,NYJ,RB,0.0,0.0,0.0,0.0,65.0,280.0,4.3,2.0,9.0,65.0,7.2,0.0,191.0,0.0,0.0,0.0,1.0,36.9,23.0,1.1,0,0,45.319,65.0,13.0,281
jaxson dart,NYG,QB,822.0,5.0,4.0,6.5,17.0,70.0,4.1,1.0,0.0,0.0,0.0,0.0,0.0,0.0,0.0,0.0,1.0,0.0,22.0,1.15,0,0,45.1605,44.0,9.0,282
tim patrick,DET,WR,0.0,0.0,0.0,0.0,0.0,0.0,0.0,0.0,15.0,180.0,12.0,1.0,0.0,0.0,0.0,0.0,1.0,59.4,,1.0,0,0,45.12,128.0,26.0,283
will shipley,PHI,RB,0.0,0.0,0.0,0.0,64.0,282.0,4.4,2.0,13.0,95.0,7.3,1.0,145.0,0.0,0.0,0.0,1.0,11.7,22.0,1.15,0,0,45.0515,66.0,14.0,284
raheem mostert,LV,RB,0.0,0.0,0.0,0.0,79.0,333.0,4.2,2.0,12.0,86.0,7.2,1.0,41.0,0.0,0.0,0.0,1.0,51.9,,1.0,0,0,44.959999999999994,67.0,14.0,285
bhayshul tuten,JAX,RB,0.0,0.0,0.0,0.0,102.0,434.0,4.3,3.0,22.0,165.0,7.5,1.0,0.0,0.0,0.0,0.0,1.0,0.0,23.0,1.1,0,0,44.465,68.0,14.0,286
tyler boyd,FA,WR,0.0,0.0,0.0,0.0,0.0,0.0,0.0,0.0,20.0,205.0,10.3,1.0,0.0,0.0,0.0,0.0,1.0,39.3,,1.0,0,0,44.339999999999996,129.0,26.0,287
zack moss,CIN,RB,0.0,0.0,0.0,0.0,55.0,229.0,4.2,2.0,14.0,96.0,6.9,1.0,0.0,0.0,0.0,0.0,1.0,58.9,,1.0,0,0,43.89,69.0,14.0,288
jaylin lane,WAS,WR,0.0,0.0,0.0,0.0,0.0,0.0,0.0,0.0,23.0,275.0,12.0,2.0,0.0,0.0,0.0,0.0,1.0,0.0,,1.0,0,0,43.75,130.0,26.0,289
pat bryant,DEN,WR,0.0,0.0,0.0,0.0,0.0,0.0,0.0,0.0,19.0,231.0,12.2,2.0,0.0,0.0,0.0,0.0,1.0,0.0,22.0,1.15,0,0,43.55049999999999,131.0,27.0,290
savion williams,GB,WR,0.0,0.0,0.0,0.0,4.0,20.0,5.0,0.0,20.0,242.0,12.1,2.0,0.0,0.0,0.0,0.0,1.0,0.0,23.0,1.1,0,0,43.274,132.0,27.0,291
emanuel wilson,GB,RB,0.0,0.0,0.0,0.0,50.0,215.0,4.3,2.0,10.0,74.0,7.4,0.0,0.0,0.0,0.0,0.0,1.0,85.0,,1.0,0,0,42.68,70.0,14.0,292
deejay dallas,ARI,RB,0.0,0.0,0.0,0.0,10.0,40.0,4.0,0.0,8.0,57.0,7.1,0.0,371.0,0.0,0.0,0.0,1.0,18.0,,1.0,0,0,41.96,71.0,15.0,293
alexander mattison,MIA,RB,0.0,0.0,0.0,0.0,39.0,160.0,4.1,1.0,6.0,42.0,7.0,0.0,0.0,0.0,0.0,0.0,1.0,101.4,,1.0,0,0,41.46,72.0,15.0,294
samaje perine,CIN,RB,0.0,0.0,0.0,0.0,31.0,128.0,4.1,1.0,15.0,106.0,7.1,1.0,0.0,0.0,0.0,0.0,1.0,53.4,,1.0,0,0,41.24,73.0,15.0,295
blake corum,LAR,RB,0.0,0.0,0.0,0.0,85.0,363.0,4.3,3.0,12.0,82.0,6.8,1.0,63.0,0.0,0.0,0.0,1.0,26.5,24.0,1.05,0,0,40.735,74.0,15.0,296
drew lock,SEA,QB,200.0,1.0,1.0,6.7,2.0,8.0,4.0,0.0,0.0,0.0,0.0,0.0,0.0,0.0,0.0,0.0,1.0,85.1,,1.0,0,0,40.6625,45.0,9.0,297
tyler goodson,IND,RB,0.0,0.0,0.0,0.0,24.0,103.0,4.3,1.0,12.0,86.0,7.2,0.0,196.0,0.0,0.0,0.0,1.0,33.4,,1.0,0,0,40.559999999999995,75.0,15.0,298
devin singletary,NYG,RB,0.0,0.0,0.0,0.0,53.0,223.0,4.2,2.0,10.0,72.0,7.2,0.0,0.0,0.0,0.0,0.0,1.0,75.6,,1.0,0,0,40.019999999999996,76.0,16.0,299
miles sanders,DAL,RB,0.0,0.0,0.0,0.0,64.0,270.0,4.2,2.0,15.0,110.0,7.3,1.0,0.0,0.0,0.0,0.0,1.0,53.3,28.0,0.85,0,0,39.0315,77.0,16.0,300
jordan akins,FA,TE,0.0,0.0,0.0,0.0,0.0,0.0,0.0,0.0,14.0,138.0,9.9,1.0,0.0,0.0,0.0,0.0,1.0,51.0,,1.0,0,0,38.959999999999994,47.0,10.0,301
nick chubb,HOU,RB,0.0,0.0,0.0,0.0,90.0,371.0,4.1,3.0,13.0,94.0,7.2,1.0,0.0,0.0,0.0,0.0,1.0,58.3,29.0,0.8,0,0,38.896,78.0,16.0,302
dylan sampson,CLE,RB,0.0,0.0,0.0,0.0,73.0,304.0,4.2,2.0,17.0,128.0,7.5,1.0,0.0,0.0,0.0,0.0,1.0,0.0,20.0,1.25,0,0,38.625,79.0,16.0,303
luke mccaffrey,WAS,WR,0.0,0.0,0.0,0.0,1.0,4.0,4.0,0.0,16.0,154.0,9.6,1.0,77.0,0.0,14.0,0.0,1.0,16.8,24.0,1.05,0,0,38.4405,133.0,27.0,304
elijah higgins,ARI,TE,0.0,0.0,0.0,0.0,0.0,0.0,0.0,0.0,18.0,181.0,10.1,1.0,0.0,0.0,0.0,0.0,1.0,29.2,,1.0,0,0,38.23,48.0,10.0,305
eric gray,NYG,RB,0.0,0.0,0.0,0.0,7.0,29.0,4.1,0.0,3.0,22.0,7.3,0.0,371.0,1.0,0.0,0.0,1.0,7.3,,1.0,0,0,36.7,80.0,16.0,306
david moore,CAR,WR,0.0,0.0,0.0,0.0,0.0,0.0,0.0,0.0,10.0,133.0,13.3,1.0,0.0,0.0,0.0,0.0,1.0,53.1,,1.0,0,0,36.44,134.0,27.0,307
juju smith-schuster,KC,WR,0.0,0.0,0.0,0.0,0.0,0.0,0.0,0.0,15.0,158.0,10.5,1.0,0.0,0.0,0.0,0.0,1.0,35.1,,1.0,0,0,36.29,135.0,27.0,308
mecole hardman,GB,WR,0.0,0.0,0.0,0.0,2.0,11.0,5.5,0.0,7.0,73.0,10.4,1.0,222.0,0.0,122.0,0.0,1.0,21.2,,1.0,0,0,36.11,136.0,28.0,309
xavier gipson,NYJ,WR,0.0,0.0,0.0,0.0,1.0,5.0,5.0,0.0,6.0,62.0,10.3,0.0,351.0,0.0,221.0,1.0,1.0,8.4,,1.0,0,0,35.63,137.0,28.0,310
dj turner,FA,WR,0.0,0.0,0.0,0.0,3.0,16.0,5.3,0.0,11.0,121.0,11.0,1.0,80.0,0.0,48.0,0.0,1.0,31.1,,1.0,0,0,35.3,138.0,28.0,311
jahan dotson,PHI,WR,0.0,0.0,0.0,0.0,1.0,5.0,5.0,0.0,16.0,174.0,10.9,1.0,0.0,0.0,9.0,0.0,1.0,22.9,,1.0,0,0,34.449999999999996,139.0,28.0,312
luke schoonmaker,DAL,TE,0.0,0.0,0.0,0.0,0.0,0.0,0.0,0.0,15.0,150.0,10.0,1.0,0.0,0.0,0.0,0.0,1.0,30.1,,1.0,0,0,34.23,49.0,10.0,313
ty chandler,MIN,RB,0.0,0.0,0.0,0.0,30.0,130.0,4.3,1.0,8.0,58.0,7.3,0.0,212.0,0.0,0.0,0.0,1.0,22.4,,1.0,0,0,34.22,81.0,17.0,314
stone smartt,NYJ,TE,0.0,0.0,0.0,0.0,0.0,0.0,0.0,0.0,17.0,176.0,10.4,1.0,0.0,0.0,0.0,0.0,1.0,18.8,,1.0,0,0,34.059999999999995,50.0,10.0,315
cam akers,NO,RB,0.0,0.0,0.0,0.0,38.0,156.0,4.1,1.0,5.0,40.0,8.0,0.0,0.0,0.0,0.0,0.0,1.0,79.2,,1.0,0,0,33.86,82.0,17.0,316
tommy tremble,CAR,TE,0.0,0.0,0.0,0.0,0.0,0.0,0.0,0.0,14.0,140.0,10.0,1.0,0.0,0.0,0.0,0.0,1.0,33.4,,1.0,0,0,33.81999999999999,51.0,11.0,317
van jefferson,TEN,WR,0.0,0.0,0.0,0.0,0.0,0.0,0.0,0.0,12.0,128.0,10.7,1.0,0.0,0.0,0.0,0.0,1.0,39.6,,1.0,0,0,33.44,140.0,28.0,318
josh whyle,TEN,TE,0.0,0.0,0.0,0.0,0.0,0.0,0.0,0.0,14.0,135.0,9.6,1.0,0.0,0.0,0.0,0.0,1.0,32.8,,1.0,0,0,33.29,52.0,11.0,319
andy dalton,CAR,QB,203.0,1.0,1.0,6.8,2.0,8.0,4.0,0.0,0.0,0.0,0.0,0.0,0.0,0.0,0.0,0.0,1.0,65.0,,1.0,0,0,33.23,46.0,10.0,320
tank bigsby,JAX,RB,0.0,0.0,0.0,0.0,105.0,427.0,4.1,3.0,11.0,80.0,7.3,0.0,101.0,0.0,0.0,0.0,1.0,0.0,23.0,1.1,0,0,32.907000000000004,83.0,17.0,321
josh oler,MIN,TE,0.0,0.0,0.0,0.0,0.0,0.0,0.0,0.0,11.0,110.0,10.0,1.0,0.0,0.0,0.0,0.0,1.0,43.8,,1.0,0,0,32.739999999999995,53.0,11.0,322
tyler huntley,FA,QB,197.0,1.0,1.0,6.6,3.0,15.0,5.0,0.0,0.0,0.0,0.0,0.0,0.0,0.0,0.0,0.0,1.0,63.7,,1.0,0,0,32.5325,47.0,10.0,323
sterling shepard,TB,WR,0.0,0.0,0.0,0.0,1.0,5.0,5.0,0.0,10.0,96.0,9.6,1.0,0.0,0.0,0.0,0.0,1.0,48.3,,1.0,0,0,32.41,141.0,29.0,324
kyle juszczyk,SF,RB,0.0,0.0,0.0,0.0,6.0,22.0,3.7,0.0,12.0,106.0,8.8,1.0,0.0,0.0,0.0,0.0,1.0,38.6,,1.0,0,0,32.2,84.0,17.0,325
dare ogunbowale,HOU,RB,0.0,0.0,0.0,0.0,13.0,51.0,3.9,0.0,13.0,91.0,7.0,1.0,0.0,0.0,0.0,0.0,1.0,37.0,,1.0,0,0,32.06999999999999,85.0,17.0,326
luke musgrave,GB,TE,0.0,0.0,0.0,0.0,0.0,0.0,0.0,0.0,17.0,187.0,11.0,1.0,0.0,0.0,0.0,0.0,1.0,4.5,24.0,1.05,0,0,32.06700000000001,54.0,11.0,327
colby parkinson,LAR,TE,0.0,0.0,0.0,0.0,0.0,0.0,0.0,0.0,12.0,122.0,10.2,1.0,0.0,0.0,0.0,0.0,1.0,35.4,,1.0,0,0,31.759999999999998,55.0,11.0,328
darnell washington,PIT,TE,0.0,0.0,0.0,0.0,0.0,0.0,0.0,0.0,14.0,142.0,10.1,1.0,0.0,0.0,0.0,0.0,1.0,26.0,,1.0,0,0,31.740000000000002,56.0,12.0,329
lil'jordan humphrey,NYG,WR,0.0,0.0,0.0,0.0,0.0,0.0,0.0,0.0,12.0,126.0,10.5,1.0,0.0,0.0,0.0,0.0,1.0,33.3,,1.0,0,0,31.409999999999997,142.0,29.0,330
taysom hill,NO,TE,0.0,0.0,0.0,0.0,30.0,125.0,4.2,2.0,5.0,50.0,10.0,0.0,0.0,0.0,0.0,0.0,1.0,80.3,,1.0,0,0,31.09,57.0,12.0,331
kendre miller,NO,RB,0.0,0.0,0.0,0.0,65.0,269.0,4.1,2.0,8.0,56.0,7.0,0.0,77.0,0.0,0.0,0.0,1.0,24.1,23.0,1.1,0,0,30.854000000000003,86.0,18.0,332
jha'quan jackson,TEN,WR,0.0,0.0,0.0,0.0,1.0,5.0,5.0,0.0,1.0,11.0,11.0,0.0,434.0,0.0,194.0,1.0,1.0,-3.7,,1.0,0,0,30.74,143.0,29.0,333
ja'lynn polk,NE,WR,0.0,0.0,0.0,0.0,0.0,0.0,0.0,0.0,12.0,128.0,10.7,1.0,0.0,0.0,0.0,0.0,1.0,20.7,23.0,1.1,0,0,30.547,144.0,29.0,334
grant calcaterra,PHI,TE,0.0,0.0,0.0,0.0,0.0,0.0,0.0,0.0,11.0,110.0,10.0,1.0,0.0,0.0,0.0,0.0,1.0,35.8,,1.0,0,0,30.339999999999996,58.0,12.0,335
khadarel hodge,ATL,WR,0.0,0.0,0.0,0.0,0.0,0.0,0.0,0.0,12.0,145.0,12.1,1.0,0.0,0.0,0.0,0.0,1.0,25.1,,1.0,0,0,30.28,145.0,29.0,336
adam trautman,DEN,TE,0.0,0.0,0.0,0.0,0.0,0.0,0.0,0.0,12.0,115.0,9.6,1.0,0.0,0.0,0.0,0.0,1.0,30.8,,1.0,0,0,29.89,59.0,12.0,337
justin watson,HOU,WR,0.0,0.0,0.0,0.0,0.0,0.0,0.0,0.0,8.0,111.0,13.9,1.0,0.0,0.0,0.0,0.0,1.0,40.9,,1.0,0,0,29.84,146.0,30.0,338
devin neal,NO,RB,0.0,0.0,0.0,0.0,74.0,310.0,4.2,2.0,12.0,86.0,7.2,1.0,0.0,0.0,0.0,0.0,1.0,0.0,21.0,1.2,0,0,29.744,87.0,18.0,339
jeremy mcnichols,WAS,RB,0.0,0.0,0.0,0.0,10.0,41.0,4.1,0.0,1.0,7.0,7.0,0.0,158.0,0.0,0.0,0.0,1.0,54.8,,1.0,0,0,29.689999999999998,88.0,18.0,340
cade stover,HOU,TE,0.0,0.0,0.0,0.0,0.0,0.0,0.0,0.0,14.0,141.0,10.1,1.0,0.0,0.0,0.0,0.0,1.0,19.3,,1.0,0,0,29.66,60.0,12.0,341
keaton mitchell,BAL,RB,0.0,0.0,0.0,0.0,33.0,156.0,4.7,1.0,7.0,53.0,7.6,0.0,226.0,0.0,0.0,0.0,1.0,5.8,,1.0,0,0,29.470000000000002,89.0,18.0,342
emari demercado,ARI,RB,0.0,0.0,0.0,0.0,30.0,125.0,4.2,1.0,12.0,88.0,7.3,0.0,0.0,0.0,0.0,0.0,1.0,38.7,,1.0,0,0,29.17,90.0,18.0,343
jeremy ruckert,NYJ,TE,0.0,0.0,0.0,0.0,0.0,0.0,0.0,0.0,16.0,151.0,9.4,1.0,0.0,0.0,0.0,0.0,1.0,10.5,,1.0,0,0,29.119999999999997,61.0,13.0,344
daniel bellinger,NYG,TE,0.0,0.0,0.0,0.0,0.0,0.0,0.0,0.0,15.0,141.0,9.4,1.0,0.0,0.0,0.0,0.0,1.0,12.5,,1.0,0,0,28.32,62.0,13.0,345
malik willis,GB,QB,191.0,1.0,1.0,6.6,6.0,39.0,6.5,1.0,0.0,0.0,0.0,0.0,0.0,0.0,0.0,0.0,1.0,51.8,,1.0,0,0,27.86,48.0,10.0,346
brock wright,DET,TE,0.0,0.0,0.0,0.0,0.0,0.0,0.0,0.0,12.0,122.0,10.2,1.0,0.0,0.0,0.0,0.0,1.0,22.0,,1.0,0,0,27.739999999999995,63.0,13.0,347
bub means,NO,WR,0.0,0.0,0.0,0.0,1.0,5.0,5.0,0.0,12.0,135.0,11.3,1.0,0.0,0.0,0.0,0.0,1.0,17.8,,1.0,0,0,27.389999999999997,147.0,30.0,348
kenny mcintosh,SEA,RB,0.0,0.0,0.0,0.0,30.0,125.0,4.2,1.0,6.0,44.0,7.3,0.0,161.0,0.0,0.0,0.0,1.0,19.4,,1.0,0,0,27.369999999999997,91.0,19.0,349
arian smith,NYJ,WR,0.0,0.0,0.0,0.0,3.0,15.0,5.0,0.0,15.0,180.0,12.0,1.0,0.0,0.0,0.0,0.0,1.0,0.0,,1.0,0,0,27.299999999999997,148.0,30.0,350
kenny pickett,CLE,QB,394.0,2.0,2.0,6.6,6.0,30.0,5.0,0.0,0.0,0.0,0.0,0.0,0.0,0.0,0.0,0.0,1.0,26.1,,1.0,0,0,27.0775,49.0,10.0,351
audric estime,DEN,RB,0.0,0.0,0.0,0.0,25.0,103.0,4.1,1.0,6.0,44.0,7.3,0.0,0.0,0.0,0.0,0.0,1.0,43.7,21.0,1.2,0,0,26.968,92.0,19.0,352
lucas krull,DEN,TE,0.0,0.0,0.0,0.0,0.0,0.0,0.0,0.0,13.0,130.0,10.0,1.0,0.0,0.0,0.0,0.0,1.0,15.2,,1.0,0,0,26.959999999999997,64.0,13.0,353
gunnar helm,TEN,TE,0.0,0.0,0.0,0.0,0.0,0.0,0.0,0.0,16.0,164.0,10.3,1.0,0.0,0.0,0.0,0.0,1.0,0.0,,1.0,0,0,26.88,65.0,13.0,354
julian hill,MIA,TE,0.0,0.0,0.0,0.0,0.0,0.0,0.0,0.0,14.0,140.0,10.0,1.0,0.0,0.0,0.0,0.0,1.0,10.0,,1.0,0,0,26.799999999999997,66.0,14.0,355
kylen granson,PHI,TE,0.0,0.0,0.0,0.0,0.0,0.0,0.0,0.0,12.0,123.0,10.3,1.0,0.0,0.0,0.0,0.0,1.0,18.2,,1.0,0,0,26.67,67.0,14.0,356
gus edwards,FA,RB,0.0,0.0,0.0,0.0,35.0,144.0,4.1,1.0,4.0,28.0,7.0,0.0,0.0,0.0,0.0,0.0,1.0,61.1,,1.0,0,0,26.589999999999996,93.0,19.0,357
avery williams,PHI,RB,0.0,0.0,0.0,0.0,8.0,33.0,4.1,0.0,3.0,22.0,7.3,0.0,311.0,0.0,154.0,0.0,1.0,0.0,,1.0,0,0,26.21,94.0,19.0,358
jacoby brissett,ARI,QB,201.0,1.0,1.0,6.7,2.0,8.0,4.0,0.0,0.0,0.0,0.0,0.0,0.0,0.0,0.0,0.0,1.0,46.2,,1.0,0,0,26.11,50.0,10.0,359
marcus mariota,WAS,QB,199.0,1.0,1.0,6.6,4.0,22.0,5.5,0.0,0.0,0.0,0.0,0.0,0.0,0.0,0.0,0.0,1.0,45.8,,1.0,0,0,25.89,51.0,11.0,360
deandre carter,CLE,WR,0.0,0.0,0.0,0.0,0.0,0.0,0.0,0.0,3.0,30.0,10.0,0.0,284.0,0.0,93.0,0.0,1.0,5.2,,1.0,0,0,25.639999999999997,149.0,30.0,361
trevor etienne,CAR,RB,0.0,0.0,0.0,0.0,43.0,180.0,4.2,1.0,11.0,83.0,7.5,1.0,0.0,0.0,0.0,0.0,1.0,0.0,21.0,1.2,0,0,25.552,95.0,19.0,362
treylon burks,FA,WR,0.0,0.0,0.0,0.0,1.0,4.0,4.0,0.0,10.0,123.0,12.3,1.0,67.0,0.0,0.0,0.0,1.0,3.5,,1.0,0,0,25.55,150.0,30.0,363
jake bobo,SEA,WR,0.0,0.0,0.0,0.0,0.0,0.0,0.0,0.0,11.0,121.0,11.0,1.0,0.0,0.0,0.0,0.0,1.0,16.7,,1.0,0,0,25.380000000000003,151.0,31.0,364
tanner hudson,CIN,TE,0.0,0.0,0.0,0.0,0.0,0.0,0.0,0.0,11.0,109.0,9.9,1.0,0.0,0.0,0.0,0.0,1.0,19.5,,1.0,0,0,25.379999999999995,68.0,14.0,365
tylan wallace,BAL,WR,0.0,0.0,0.0,0.0,1.0,5.0,5.0,0.0,6.0,84.0,14.0,1.0,50.0,0.0,63.0,0.0,1.0,25.3,,1.0,0,0,25.369999999999997,152.0,31.0,366
isaiah bond,FA,WR,0.0,0.0,0.0,0.0,1.0,3.0,3.0,0.0,12.0,161.0,13.4,1.0,21.0,0.0,0.0,0.0,1.0,0.0,,1.0,0,0,25.34,153.0,31.0,367
devin culp,TB,TE,0.0,0.0,0.0,0.0,0.0,0.0,0.0,0.0,13.0,128.0,9.8,1.0,0.0,0.0,0.0,0.0,1.0,8.8,,1.0,0,0,24.9,69.0,14.0,368
jamycal hasty,FA,RB,0.0,0.0,0.0,0.0,10.0,41.0,4.1,0.0,6.0,42.0,7.0,0.0,158.0,0.0,0.0,0.0,1.0,18.8,,1.0,0,0,24.84,96.0,20.0,369
nelson agholor,FA,WR,0.0,0.0,0.0,0.0,0.0,0.0,0.0,0.0,6.0,82.0,13.7,1.0,0.0,0.0,0.0,0.0,1.0,35.1,,1.0,0,0,24.669999999999998,154.0,31.0,370
chris rodriguez,WAS,RB,0.0,0.0,0.0,0.0,60.0,253.0,4.2,2.0,6.0,43.0,7.2,0.0,30.0,0.0,0.0,0.0,1.0,30.5,,1.0,0,0,24.46,97.0,20.0,371
tez johnson,TB,WR,0.0,0.0,0.0,0.0,1.0,4.0,4.0,0.0,13.0,159.0,12.2,1.0,0.0,0.0,0.0,0.0,1.0,0.0,,1.0,0,0,24.429999999999996,155.0,31.0,372
devontez walker,BAL,WR,0.0,0.0,0.0,0.0,1.0,5.0,5.0,0.0,8.0,122.0,15.3,1.0,51.0,0.0,0.0,0.0,1.0,8.1,,1.0,0,0,24.339999999999996,156.0,32.0,373
oronde gadsden,LAC,TE,0.0,0.0,0.0,0.0,0.0,0.0,0.0,0.0,12.0,121.0,10.1,1.0,0.0,0.0,0.0,0.0,1.0,0.0,22.0,1.15,0,0,24.2305,70.0,14.0,374
drew sample,CIN,TE,0.0,0.0,0.0,0.0,0.0,0.0,0.0,0.0,11.0,102.0,9.3,1.0,0.0,0.0,0.0,0.0,1.0,16.5,,1.0,0,0,23.99,71.0,15.0,375
charlie kolar,BAL,TE,0.0,0.0,0.0,0.0,1.0,1.0,1.0,0.0,10.0,97.0,9.7,1.0,0.0,0.0,0.0,0.0,1.0,19.3,,1.0,0,0,23.779999999999998,72.0,15.0,376
payne durham,TB,TE,0.0,0.0,0.0,0.0,0.0,0.0,0.0,0.0,9.0,88.0,9.8,1.0,0.0,0.0,0.0,0.0,1.0,23.5,,1.0,0,0,23.71,73.0,15.0,377
woody marks,HOU,RB,0.0,0.0,0.0,0.0,40.0,167.0,4.2,1.0,12.0,88.0,7.3,1.0,0.0,0.0,0.0,0.0,1.0,0.0,24.0,1.05,0,0,23.698,98.0,20.0,378
brashard smith,KC,RB,0.0,0.0,0.0,0.0,34.0,145.0,4.3,1.0,11.0,81.0,7.4,1.0,0.0,0.0,0.0,0.0,1.0,0.0,22.0,1.15,0,0,23.6055,99.0,20.0,379
bo melton,GB,WR,0.0,0.0,0.0,0.0,4.0,22.0,5.5,0.0,9.0,125.0,13.9,1.0,0.0,0.0,0.0,0.0,1.0,14.5,,1.0,0,0,23.6,157.0,32.0,380
hunter renfrow,CAR,WR,0.0,0.0,0.0,0.0,0.0,0.0,0.0,0.0,14.0,137.0,9.8,1.0,0.0,0.0,0.0,0.0,1.0,0.0,,1.0,0,0,23.59,158.0,32.0,381
zay jones,ARI,WR,0.0,0.0,0.0,0.0,1.0,6.0,6.0,0.0,11.0,129.0,11.7,1.0,0.0,0.0,0.0,0.0,1.0,8.4,,1.0,0,0,23.449999999999996,159.0,32.0,382
dj chark,ATL,WR,0.0,0.0,0.0,0.0,0.0,0.0,0.0,0.0,10.0,135.0,13.5,1.0,0.0,0.0,0.0,0.0,1.0,9.1,,1.0,0,0,23.38,160.0,32.0,383
javon baker,NE,WR,0.0,0.0,0.0,0.0,0.0,0.0,0.0,0.0,8.0,110.0,13.8,1.0,78.0,0.0,0.0,0.0,1.0,1.2,,1.0,0,0,23.319999999999997,161.0,33.0,384
jalin hyatt,NYG,WR,0.0,0.0,0.0,0.0,0.0,0.0,0.0,0.0,10.0,145.0,14.5,1.0,0.0,0.0,0.0,0.0,1.0,6.2,,1.0,0,0,23.209999999999997,162.0,33.0,385
michael woods,CLE,WR,0.0,0.0,0.0,0.0,0.0,0.0,0.0,0.0,11.0,128.0,11.6,1.0,0.0,0.0,0.0,0.0,1.0,6.5,,1.0,0,0,22.81,163.0,33.0,386
khalil herbert,IND,RB,0.0,0.0,0.0,0.0,54.0,228.0,4.2,2.0,7.0,51.0,7.3,0.0,30.0,0.0,0.0,0.0,1.0,21.5,,1.0,0,0,22.42,100.0,20.0,387
anthony gould,IND,WR,0.0,0.0,0.0,0.0,1.0,5.0,5.0,0.0,4.0,45.0,11.3,0.0,220.0,0.0,95.0,0.0,1.0,2.3,,1.0,0,0,22.04,164.0,33.0,388
xavier restrepo,TEN,WR,0.0,0.0,0.0,0.0,1.0,3.0,3.0,0.0,12.0,131.0,10.9,1.0,0.0,0.0,0.0,0.0,1.0,0.0,,1.0,0,0,21.77,165.0,33.0,389
jaheim bell,NE,TE,0.0,0.0,0.0,0.0,0.0,0.0,0.0,0.0,12.0,121.0,10.1,1.0,0.0,0.0,0.0,0.0,1.0,2.0,,1.0,0,0,21.67,74.0,15.0,390
shedeur sanders,CLE,QB,417.0,3.0,2.0,6.6,7.0,30.0,4.3,1.0,0.0,0.0,0.0,0.0,0.0,0.0,0.0,0.0,1.0,0.0,,1.0,0,0,21.595,52.0,11.0,391
marshawn lloyd,GB,RB,0.0,0.0,0.0,0.0,70.0,300.0,4.3,2.0,11.0,80.0,7.3,0.0,0.0,0.0,0.0,0.0,1.0,1.8,24.0,1.05,0,0,21.532,101.0,21.0,392
mitchell evans,CAR,TE,0.0,0.0,0.0,0.0,0.0,0.0,0.0,0.0,12.0,122.0,10.2,1.0,0.0,0.0,0.0,0.0,1.0,0.0,,1.0,0,0,21.139999999999997,75.0,15.0,393
patrick taylor,SF,RB,0.0,0.0,0.0,0.0,10.0,42.0,4.2,0.0,4.0,29.0,7.3,0.0,102.0,0.0,0.0,0.0,1.0,26.8,,1.0,0,0,21.009999999999998,102.0,21.0,394
brevyn spann-ford,DAL,TE,0.0,0.0,0.0,0.0,0.0,0.0,0.0,0.0,10.0,101.0,10.1,1.0,0.0,0.0,0.0,0.0,1.0,8.8,,1.0,0,0,20.91,76.0,16.0,395
joshua dobbs,NE,QB,196.0,1.0,1.0,6.5,5.0,26.0,5.2,0.0,0.0,0.0,0.0,0.0,0.0,0.0,0.0,0.0,1.0,32.8,,1.0,0,0,20.909999999999997,53.0,11.0,396
dj giddens,IND,RB,0.0,0.0,0.0,0.0,60.0,252.0,4.2,2.0,10.0,75.0,7.5,0.0,0.0,0.0,0.0,0.0,1.0,0.0,21.0,1.2,0,0,20.7,103.0,21.0,397
quinton morris,JAX,TE,0.0,0.0,0.0,0.0,0.0,0.0,0.0,0.0,12.0,115.0,9.6,1.0,0.0,0.0,0.0,0.0,1.0,0.0,,1.0,0,0,20.65,77.0,16.0,398
trey sermon,PIT,RB,0.0,0.0,0.0,0.0,33.0,133.0,4.0,1.0,5.0,35.0,7.0,0.0,0.0,0.0,0.0,0.0,1.0,37.8,,1.0,0,0,20.59,104.0,21.0,399
johnny mundt,JAX,TE,0.0,0.0,0.0,0.0,0.0,0.0,0.0,0.0,12.0,114.0,9.5,1.0,0.0,0.0,0.0,0.0,1.0,0.0,,1.0,0,0,20.58,78.0,16.0,400
harrison bryant,PHI,TE,0.0,0.0,0.0,0.0,0.0,0.0,0.0,0.0,10.0,97.0,9.7,1.0,0.0,0.0,0.0,0.0,1.0,8.6,,1.0,0,0,20.569999999999997,79.0,16.0,401
gerald everett,FA,TE,0.0,0.0,0.0,0.0,0.0,0.0,0.0,0.0,11.0,107.0,9.7,1.0,0.0,0.0,0.0,0.0,1.0,3.6,,1.0,0,0,20.47,80.0,16.0,402
nikko remigio,KC,WR,0.0,0.0,0.0,0.0,0.0,0.0,0.0,0.0,0.0,0.0,0.0,0.0,268.0,0.0,78.0,0.0,1.0,4.8,,1.0,0,0,20.2,166.0,34.0,403
johnny wilson,PHI,WR,0.0,0.0,0.0,0.0,0.0,0.0,0.0,0.0,8.0,105.0,13.1,1.0,0.0,0.0,0.0,0.0,1.0,9.8,,1.0,0,0,20.09,167.0,34.0,404
tanner mckee,PHI,QB,209.0,1.0,1.0,6.7,4.0,14.0,3.5,0.0,0.0,0.0,0.0,0.0,0.0,0.0,0.0,0.0,1.0,28.8,,1.0,0,0,19.865,54.0,11.0,405
will mallory,IND,TE,0.0,0.0,0.0,0.0,0.0,0.0,0.0,0.0,11.0,101.0,9.2,1.0,0.0,0.0,0.0,0.0,1.0,2.9,,1.0,0,0,19.84,81.0,17.0,406
jalen milroe,SEA,QB,388.0,2.0,2.0,6.6,16.0,84.0,5.3,1.0,0.0,0.0,0.0,0.0,0.0,0.0,0.0,0.0,1.0,0.0,22.0,1.15,0,0,19.641999999999996,55.0,11.0,407
pharaoh brown,MIA,TE,0.0,0.0,0.0,0.0,0.0,0.0,0.0,0.0,10.0,101.0,10.1,1.0,0.0,0.0,0.0,0.0,1.0,4.5,,1.0,0,0,19.62,82.0,17.0,408
jackson hawes,BUF,TE,0.0,0.0,0.0,0.0,0.0,0.0,0.0,0.0,11.0,101.0,9.2,1.0,0.0,0.0,0.0,0.0,1.0,0.0,,1.0,0,0,18.97,85.0,17.0,409
benjamin yurosek,MIN,TE,0.0,0.0,0.0,0.0,0.0,0.0,0.0,0.0,11.0,101.0,9.2,1.0,0.0,0.0,0.0,0.0,1.0,0.0,,1.0,0,0,18.97,84.0,17.0,410
eli stowers,FA,TE,0.0,0.0,0.0,0.0,0.0,0.0,0.0,0.0,11.0,101.0,9.2,1.0,0.0,0.0,0.0,0.0,1.0,0.0,,1.0,0,0,18.97,83.0,17.0,411
jamaal williams,FA,RB,0.0,0.0,0.0,0.0,15.0,60.0,4.0,0.0,3.0,21.0,7.0,0.0,75.0,0.0,0.0,0.0,1.0,28.1,,1.0,0,0,18.75,105.0,21.0,412
deven thompkins,FA,WR,0.0,0.0,0.0,0.0,2.0,11.0,5.5,0.0,2.0,21.0,10.5,0.0,214.0,0.0,19.0,0.0,1.0,2.7,,1.0,0,0,18.659999999999997,168.0,34.0,413
brevin jordan,HOU,TE,0.0,0.0,0.0,0.0,0.0,0.0,0.0,0.0,10.0,102.0,10.2,1.0,0.0,0.0,0.0,0.0,1.0,0.7,,1.0,0,0,18.55,86.0,18.0,414
kyle monangai,CHI,RB,0.0,0.0,0.0,0.0,64.0,264.0,4.1,2.0,10.0,72.0,7.2,0.0,0.0,0.0,0.0,0.0,1.0,0.0,,1.0,0,0,18.439999999999998,106.0,22.0,415
john metchie,HOU,WR,0.0,0.0,0.0,0.0,1.0,2.0,2.0,0.0,10.0,103.0,10.3,1.0,0.0,0.0,0.0,0.0,1.0,0.0,,1.0,0,0,18.41,169.0,34.0,416
ezekiel elliott,FA,RB,0.0,0.0,0.0,0.0,10.0,40.0,4.0,0.0,3.0,21.0,7.0,0.0,0.0,0.0,0.0,0.0,1.0,45.5,,1.0,0,0,18.22,107.0,22.0,417
tucker fisk,LAC,TE,0.0,0.0,0.0,0.0,0.0,0.0,0.0,0.0,9.0,89.0,9.9,1.0,0.0,0.0,0.0,0.0,1.0,3.9,,1.0,0,0,17.9,87.0,18.0,418
ollie gordon,MIA,RB,0.0,0.0,0.0,0.0,63.0,265.0,4.2,2.0,8.0,58.0,7.3,0.0,0.0,0.0,0.0,0.0,1.0,0.0,21.0,1.2,0,0,17.892000000000003,108.0,22.0,419
dillon gabriel,CLE,QB,410.0,2.0,2.0,6.4,4.0,24.0,6.0,0.0,0.0,0.0,0.0,0.0,0.0,0.0,0.0,0.0,1.0,0.0,,1.0,0,0,17.849999999999998,56.0,12.0,420
nick nash,ATL,WR,0.0,0.0,0.0,0.0,0.0,0.0,0.0,0.0,12.0,133.0,11.1,0.0,0.0,0.0,0.0,0.0,1.0,0.0,,1.0,0,0,17.71,170.0,34.0,421
michael carter,ARI,RB,0.0,0.0,0.0,0.0,30.0,125.0,4.2,1.0,6.0,43.0,7.2,0.0,0.0,0.0,0.0,0.0,1.0,24.8,,1.0,0,0,17.65,109.0,22.0,422
desmond ridder,CIN,QB,194.0,1.0,1.0,6.5,2.0,8.0,4.0,0.0,0.0,0.0,0.0,0.0,0.0,0.0,0.0,0.0,1.0,23.9,,1.0,0,0,17.502499999999998,57.0,12.0,423
xavier smith,LAR,WR,0.0,0.0,0.0,0.0,3.0,17.0,5.7,0.0,3.0,35.0,11.7,0.0,161.0,0.0,181.0,0.0,1.0,4.2,,1.0,0,0,17.080000000000002,171.0,35.0,424
john bates,WAS,TE,0.0,0.0,0.0,0.0,0.0,0.0,0.0,0.0,8.0,74.0,9.3,1.0,0.0,0.0,0.0,0.0,1.0,6.4,,1.0,0,0,16.9,88.0,18.0,425
kimani vidal,LAC,RB,0.0,0.0,0.0,0.0,25.0,105.0,4.2,1.0,5.0,35.0,7.0,0.0,0.0,0.0,0.0,0.0,1.0,27.7,,1.0,0,0,16.759999999999998,110.0,22.0,426
tahj brooks,CIN,RB,0.0,0.0,0.0,0.0,58.0,239.0,4.1,2.0,9.0,64.0,7.1,0.0,0.0,0.0,0.0,0.0,1.0,0.0,,1.0,0,0,16.58,111.0,23.0,427
carson steele,KC,RB,0.0,0.0,0.0,0.0,16.0,66.0,4.1,1.0,5.0,35.0,7.0,0.0,56.0,0.0,0.0,0.0,1.0,16.9,,1.0,0,0,16.54,112.0,23.0,428
jimmy garoppolo,LAR,QB,198.0,1.0,1.0,6.6,2.0,6.0,3.0,0.0,0.0,0.0,0.0,0.0,0.0,0.0,0.0,0.0,1.0,20.9,,1.0,0,0,16.5175,58.0,12.0,429
tyrod taylor,NYJ,QB,205.0,1.0,1.0,6.8,3.0,15.0,5.0,0.0,0.0,0.0,0.0,0.0,0.0,0.0,0.0,0.0,1.0,20.1,,1.0,0,0,16.4625,59.0,12.0,430
jarquez hunter,LAR,RB,0.0,0.0,0.0,0.0,57.0,240.0,4.2,2.0,8.0,53.0,6.6,0.0,0.0,0.0,0.0,0.0,1.0,0.0,22.0,1.15,0,0,16.4065,113.0,23.0,431
pierre strong,CLE,RB,0.0,0.0,0.0,0.0,9.0,38.0,4.2,0.0,3.0,22.0,7.3,0.0,78.0,0.0,0.0,0.0,1.0,21.2,,1.0,0,0,16.36,114.0,23.0,432
devin duvernay,CHI,WR,0.0,0.0,0.0,0.0,2.0,11.0,5.5,0.0,3.0,30.0,10.0,0.0,138.0,0.0,166.0,1.0,1.0,8.2,,1.0,0,0,16.32,172.0,35.0,433
ihmir smith-marsette,NYG,WR,0.0,0.0,0.0,0.0,1.0,5.0,5.0,0.0,0.0,0.0,0.0,0.0,207.0,0.0,191.0,0.0,1.0,6.0,,1.0,0,0,16.29,173.0,35.0,434
jeremaine jackson,FA,WR,0.0,0.0,0.0,0.0,1.0,6.0,6.0,0.0,2.0,21.0,10.5,0.0,191.0,0.0,28.0,0.0,1.0,0.0,,1.0,0,0,16.240000000000002,174.0,35.0,435
rakim jarrett,TB,WR,0.0,0.0,0.0,0.0,1.0,5.0,5.0,0.0,2.0,25.0,12.5,0.0,130.0,0.0,0.0,0.0,1.0,12.4,,1.0,0,0,15.969999999999999,175.0,35.0,436
jordan james,SF,RB,0.0,0.0,0.0,0.0,54.0,230.0,4.3,2.0,7.0,52.0,7.4,0.0,0.0,0.0,0.0,0.0,1.0,0.0,21.0,1.2,0,0,15.648,115.0,23.0,437
chris brooks,GB,RB,0.0,0.0,0.0,0.0,25.0,103.0,4.1,1.0,3.0,22.0,7.3,0.0,0.0,0.0,0.0,0.0,1.0,31.2,,1.0,0,0,15.5,116.0,24.0,438
d'ernest johnson,FA,RB,0.0,0.0,0.0,0.0,10.0,42.0,4.2,0.0,6.0,42.0,7.0,0.0,0.0,0.0,0.0,0.0,1.0,23.9,,1.0,0,0,15.309999999999999,117.0,24.0,439
tip reiman,ARI,TE,0.0,0.0,0.0,0.0,0.0,0.0,0.0,0.0,7.0,70.0,10.0,1.0,0.0,0.0,0.0,0.0,1.0,3.7,,1.0,0,0,15.11,89.0,18.0,440
hunter luepke,DAL,RB,0.0,0.0,0.0,0.0,2.0,8.0,4.0,0.0,5.0,38.0,7.6,1.0,0.0,0.0,0.0,0.0,1.0,14.9,,1.0,0,0,15.029999999999998,118.0,24.0,441
charlie woerner,ATL,TE,0.0,0.0,0.0,0.0,0.0,0.0,0.0,0.0,7.0,62.0,8.9,1.0,0.0,0.0,0.0,0.0,1.0,4.6,,1.0,0,0,14.82,90.0,18.0,442
mitchell trubisky,BUF,QB,205.0,1.0,1.0,6.8,2.0,8.0,4.0,0.0,0.0,0.0,0.0,0.0,0.0,0.0,0.0,0.0,1.0,15.3,,1.0,0,0,14.662499999999998,60.0,12.0,443
trey palmer,TB,WR,0.0,0.0,0.0,0.0,0.0,0.0,0.0,0.0,2.0,25.0,12.5,0.0,51.0,0.0,161.0,0.0,1.0,23.2,,1.0,0,0,13.68,176.0,36.0,444
tyler scott,CHI,WR,0.0,0.0,0.0,0.0,1.0,5.0,5.0,0.0,3.0,31.0,10.3,0.0,131.0,0.0,0.0,0.0,1.0,0.5,,1.0,0,0,13.590000000000002,177.0,36.0,445
nick vannett,FA,TE,0.0,0.0,0.0,0.0,0.0,0.0,0.0,0.0,3.0,29.0,9.7,0.0,0.0,0.0,0.0,0.0,1.0,31.5,,1.0,0,0,13.579999999999998,91.0,19.0,446
jamison crowder,FA,WR,0.0,0.0,0.0,0.0,0.0,0.0,0.0,0.0,6.0,59.0,9.8,0.0,0.0,0.0,95.0,0.0,1.0,17.2,,1.0,0,0,13.489999999999998,178.0,36.0,447
trey lance,LAC,QB,187.0,1.0,1.0,6.4,7.0,39.0,5.6,0.0,0.0,0.0,0.0,0.0,0.0,0.0,0.0,0.0,1.0,13.7,,1.0,0,0,13.432499999999997,61.0,13.0,448
nick mullens,JAX,QB,231.0,2.0,1.0,6.8,2.0,8.0,4.0,0.0,0.0,0.0,0.0,0.0,0.0,0.0,0.0,0.0,1.0,0.0,,1.0,0,0,13.335,62.0,13.0,449
rasheen ali,BAL,RB,0.0,0.0,0.0,0.0,30.0,140.0,4.7,1.0,3.0,23.0,7.7,0.0,80.0,0.0,0.0,0.0,1.0,3.1,,1.0,0,0,13.24,119.0,24.0,450
zamir white,LV,RB,0.0,0.0,0.0,0.0,26.0,107.0,4.1,1.0,3.0,21.0,7.0,0.0,0.0,0.0,0.0,0.0,1.0,23.3,,1.0,0,0,13.159999999999998,120.0,24.0,451
elijah mitchell,KC,RB,0.0,0.0,0.0,0.0,41.0,176.0,4.3,1.0,6.0,44.0,7.3,0.0,37.0,0.0,0.0,0.0,1.0,0.0,27.0,0.9,0,0,12.983,121.0,25.0,452
keilan robinson,PHI,RB,0.0,0.0,0.0,0.0,8.0,33.0,4.1,0.0,2.0,14.0,7.0,0.0,136.0,0.0,0.0,0.0,1.0,0.0,,1.0,0,0,12.7,122.0,25.0,453
patrick ricard,BAL,RB,0.0,0.0,0.0,0.0,0.0,0.0,0.0,0.0,3.0,30.0,10.0,1.0,0.0,0.0,0.0,0.0,1.0,14.2,,1.0,0,0,12.659999999999998,123.0,25.0,454
davis mills,HOU,QB,199.0,1.0,1.0,6.6,2.0,7.0,3.5,0.0,0.0,0.0,0.0,0.0,0.0,0.0,0.0,0.0,1.0,9.6,,1.0,0,0,12.315000000000001,63.0,13.0,455
braxton berrios,HOU,WR,0.0,0.0,0.0,0.0,1.0,0.0,0.0,0.0,3.0,31.0,10.3,0.0,109.0,0.0,50.0,0.0,1.0,0.0,,1.0,0,0,11.899999999999999,179.0,36.0,456
mo alie-cox,IND,TE,0.0,0.0,0.0,0.0,0.0,0.0,0.0,0.0,4.0,41.0,10.3,0.0,0.0,0.0,0.0,0.0,1.0,20.7,,1.0,0,0,11.879999999999999,92.0,19.0,457
alec inglod,MIA,RB,0.0,0.0,0.0,0.0,6.0,10.0,1.7,0.0,6.0,41.0,6.8,1.0,0.0,0.0,0.0,0.0,1.0,0.0,,1.0,0,0,11.87,124.0,25.0,458
cedrick wilson,NO,WR,0.0,0.0,0.0,0.0,0.0,0.0,0.0,0.0,2.0,21.0,10.5,0.0,0.0,0.0,0.0,0.0,1.0,29.9,,1.0,0,0,11.839999999999998,180.0,36.0,459
kene nwangwu,NYJ,RB,0.0,0.0,0.0,0.0,0.0,0.0,0.0,0.0,0.0,0.0,0.0,0.0,138.0,0.0,0.0,0.0,1.0,6.0,,1.0,0,0,11.46,125.0,25.0,460
trent sherfield,DEN,WR,0.0,0.0,0.0,0.0,0.0,0.0,0.0,0.0,5.0,51.0,10.2,0.0,0.0,0.0,0.0,0.0,1.0,14.3,,1.0,0,0,11.36,181.0,37.0,461
damien martinez,SEA,RB,0.0,0.0,0.0,0.0,41.0,170.0,4.1,1.0,6.0,43.0,7.2,0.0,0.0,0.0,0.0,0.0,1.0,0.0,,1.0,0,0,11.31,126.0,26.0,462
hassan haskins,LAC,RB,0.0,0.0,0.0,0.0,8.0,33.0,4.1,0.0,1.0,7.0,7.0,0.0,0.0,0.0,0.0,0.0,1.0,29.8,,1.0,0,0,10.93,127.0,26.0,463
ashton dulin,IND,WR,0.0,0.0,0.0,0.0,2.0,10.0,5.0,0.0,4.0,42.0,10.5,0.0,0.0,0.0,0.0,0.0,1.0,17.2,,1.0,0,0,10.899999999999999,182.0,37.0,464
deonte harty,FA,WR,0.0,0.0,0.0,0.0,1.0,5.0,5.0,0.0,0.0,0.0,0.0,0.0,155.0,0.0,80.0,0.0,1.0,0.0,,1.0,0,0,10.85,183.0,37.0,465
carson wentz,FA,QB,201.0,1.0,1.0,6.7,2.0,7.0,3.5,0.0,0.0,0.0,0.0,0.0,0.0,0.0,0.0,0.0,1.0,4.7,,1.0,0,0,10.5475,64.0,13.0,466
tyler johnson,NYJ,WR,0.0,0.0,0.0,0.0,0.0,0.0,0.0,0.0,0.0,0.0,0.0,0.0,0.0,0.0,0.0,0.0,1.0,35.1,,1.0,0,0,10.53,184.0,37.0,467
jonathan mingo,DAL,WR,0.0,0.0,0.0,0.0,0.0,0.0,0.0,0.0,4.0,43.0,10.8,0.0,0.0,0.0,0.0,0.0,1.0,15.2,,1.0,0,0,10.370000000000001,185.0,37.0,468
craig reynolds,DET,RB,0.0,0.0,0.0,0.0,12.0,52.0,4.3,0.0,3.0,23.0,7.7,0.0,0.0,0.0,0.0,0.0,1.0,17.9,,1.0,0,0,10.279999999999998,128.0,26.0,469
jalen reagor,LAC,WR,0.0,0.0,0.0,0.0,0.0,0.0,0.0,0.0,0.0,0.0,0.0,0.0,110.0,0.0,30.0,0.0,1.0,7.7,,1.0,0,0,10.01,186.0,38.0,470
hendon hooker,DET,QB,207.0,1.0,1.0,6.9,3.0,16.0,5.3,0.0,0.0,0.0,0.0,0.0,0.0,0.0,0.0,0.0,1.0,2.7,,1.0,0,0,10.007499999999999,65.0,13.0,471
taylor heinicke,LAC,QB,194.0,1.0,1.0,6.5,2.0,8.0,4.0,0.0,0.0,0.0,0.0,0.0,0.0,0.0,0.0,0.0,1.0,3.1,,1.0,0,0,9.702499999999999,66.0,14.0,472
malik heath,GB,WR,0.0,0.0,0.0,0.0,0.0,0.0,0.0,0.0,2.0,23.0,11.5,0.0,0.0,0.0,0.0,0.0,1.0,21.7,,1.0,0,0,9.52,187.0,38.0,473
jaelon darden,FA,WR,0.0,0.0,0.0,0.0,0.0,0.0,0.0,0.0,0.0,0.0,0.0,0.0,131.0,0.0,111.0,0.0,1.0,0.6,,1.0,0,0,9.35,188.0,38.0,474
lequint allen,JAX,RB,0.0,0.0,0.0,0.0,20.0,85.0,4.3,1.0,6.0,44.0,7.3,0.0,0.0,0.0,0.0,0.0,1.0,0.0,,1.0,0,0,9.28,129.0,26.0,475
drew ogletree,IND,TE,0.0,0.0,0.0,0.0,0.0,0.0,0.0,0.0,3.0,30.0,10.0,0.0,0.0,0.0,0.0,0.0,1.0,16.9,,1.0,0,0,9.27,93.0,19.0,476
james proche,TEN,WR,0.0,0.0,0.0,0.0,0.0,0.0,0.0,0.0,0.0,0.0,0.0,0.0,131.0,0.0,84.0,0.0,1.0,0.1,,1.0,0,0,9.2,189.0,38.0,477
alex erickson,FA,WR,0.0,0.0,0.0,0.0,0.0,0.0,0.0,0.0,0.0,0.0,0.0,0.0,131.0,0.0,44.0,0.0,1.0,0.0,,1.0,0,0,9.17,190.0,38.0,478
jake browning,CIN,QB,211.0,1.0,1.0,7.0,3.0,15.0,5.0,0.0,0.0,0.0,0.0,0.0,0.0,0.0,0.0,0.0,1.0,-0.2,,1.0,0,0,9.059999999999999,67.0,14.0,479
josh johnson,WAS,QB,198.0,1.0,1.0,6.6,3.0,15.0,5.0,0.0,0.0,0.0,0.0,0.0,0.0,0.0,0.0,0.0,1.0,0.8,,1.0,0,0,8.98,68.0,14.0,480
dee eskridge,MIA,WR,0.0,0.0,0.0,0.0,0.0,0.0,0.0,0.0,0.0,0.0,0.0,0.0,109.0,0.0,0.0,0.0,1.0,4.4,,1.0,0,0,8.95,191.0,39.0,481
dante pettis,NO,WR,0.0,0.0,0.0,0.0,0.0,0.0,0.0,0.0,2.0,21.0,10.5,0.0,0.0,0.0,0.0,0.0,1.0,20.0,,1.0,0,0,8.87,192.0,39.0,482
jarrett stidham,DEN,QB,198.0,1.0,1.0,6.6,2.0,8.0,4.0,0.0,0.0,0.0,0.0,0.0,0.0,0.0,0.0,0.0,1.0,0.5,,1.0,0,0,8.8675,69.0,14.0,483
nate adkins,DEN,TE,0.0,0.0,0.0,0.0,0.0,0.0,0.0,0.0,0.0,0.0,0.0,0.0,0.0,0.0,0.0,0.0,1.0,29.5,,1.0,0,0,8.85,94.0,19.0,484
kalel mullings,TEN,RB,0.0,0.0,0.0,0.0,40.0,167.0,4.2,1.0,4.0,29.0,7.3,0.0,0.0,0.0,0.0,0.0,1.0,0.0,,1.0,0,0,8.83,130.0,26.0,485
kenny yeboah,DET,TE,0.0,0.0,0.0,0.0,0.0,0.0,0.0,0.0,4.0,40.0,10.0,0.0,0.0,0.0,0.0,0.0,1.0,10.7,,1.0,0,0,8.809999999999999,95.0,19.0,486
kyle trask,TB,QB,203.0,1.0,1.0,6.8,2.0,8.0,4.0,0.0,0.0,0.0,0.0,0.0,0.0,0.0,0.0,0.0,1.0,-0.2,,1.0,0,0,8.78,70.0,14.0,487
joe milton,DAL,QB,193.0,1.0,1.0,6.4,5.0,28.0,5.6,0.0,0.0,0.0,0.0,0.0,0.0,0.0,0.0,0.0,1.0,0.0,,1.0,0,0,8.504999999999999,71.0,15.0,488
stetson bennett,LAR,QB,192.0,1.0,1.0,6.4,4.0,18.0,4.5,0.0,0.0,0.0,0.0,0.0,0.0,0.0,0.0,0.0,1.0,0.0,,1.0,0,0,8.469999999999999,72.0,15.0,489
durham smythe,CHI,TE,0.0,0.0,0.0,0.0,0.0,0.0,0.0,0.0,5.0,48.0,9.6,0.0,0.0,0.0,0.0,0.0,1.0,5.3,,1.0,0,0,8.45,96.0,20.0,490
charlie jones,CIN,WR,0.0,0.0,0.0,0.0,0.0,0.0,0.0,0.0,0.0,0.0,0.0,0.0,101.0,0.0,83.0,0.0,1.0,4.5,,1.0,0,0,8.42,193.0,39.0,491
aj dillon,PHI,RB,0.0,0.0,0.0,0.0,35.0,145.0,4.1,1.0,4.0,29.0,7.3,0.0,0.0,0.0,0.0,0.0,1.0,0.0,,1.0,0,0,8.33,131.0,27.0,492
tyson bagent,CHI,QB,188.0,1.0,1.0,6.3,4.0,22.0,5.5,0.0,0.0,0.0,0.0,0.0,0.0,0.0,0.0,0.0,1.0,-0.3,,1.0,0,0,8.2175,73.0,15.0,493
jacory croskey-merritt,WAS,RB,0.0,0.0,0.0,0.0,33.0,138.0,4.2,1.0,4.0,30.0,7.5,0.0,0.0,0.0,0.0,0.0,1.0,0.0,,1.0,0,0,8.2,132.0,27.0,494
dorian thompson-robinson,PHI,QB,0.0,0.0,0.0,0.0,0.0,0.0,0.0,0.0,0.0,0.0,0.0,0.0,0.0,0.0,0.0,0.0,1.0,21.8,,1.0,0,0,8.175,74.0,15.0,495
brandon powell,FA,WR,0.0,0.0,0.0,0.0,0.0,0.0,0.0,0.0,3.0,29.0,9.7,0.0,25.0,0.0,178.0,0.0,1.0,7.1,,1.0,0,0,8.01,194.0,39.0,496
d'onta foreman,FA,RB,0.0,0.0,0.0,0.0,0.0,0.0,0.0,0.0,0.0,0.0,0.0,0.0,0.0,0.0,0.0,0.0,1.0,26.6,,1.0,0,0,7.98,133.0,27.0,497
clayton tune,ARI,QB,196.0,1.0,1.0,6.5,2.0,8.0,4.0,0.0,0.0,0.0,0.0,0.0,0.0,0.0,0.0,0.0,1.0,-2.1,,1.0,0,0,7.8225,75.0,15.0,498
ronnie rers,LAR,RB,0.0,0.0,0.0,0.0,5.0,22.0,4.4,0.0,1.0,7.0,7.0,0.0,27.0,0.0,0.0,0.0,1.0,13.3,,1.0,0,0,7.57,134.0,27.0,499
eric saubert,SEA,TE,0.0,0.0,0.0,0.0,0.0,0.0,0.0,0.0,2.0,19.0,9.5,0.0,0.0,0.0,0.0,0.0,1.0,15.7,,1.0,0,0,7.4399999999999995,97.0,20.0,500
ryan miller,TB,WR,0.0,0.0,0.0,0.0,0.0,0.0,0.0,0.0,0.0,0.0,0.0,0.0,0.0,0.0,0.0,0.0,1.0,24.8,,1.0,0,0,7.4399999999999995,195.0,39.0,501
ainias smith,PHI,WR,0.0,0.0,0.0,0.0,0.0,0.0,0.0,0.0,0.0,0.0,0.0,0.0,52.0,0.0,9.0,0.0,1.0,10.7,,1.0,0,0,6.85,196.0,40.0,502
davis allen,LAR,TE,0.0,0.0,0.0,0.0,0.0,0.0,0.0,0.0,4.0,41.0,10.3,0.0,0.0,0.0,0.0,0.0,1.0,3.9,,1.0,0,0,6.839999999999999,98.0,20.0,503
julius chestnut,TEN,RB,0.0,0.0,0.0,0.0,10.0,41.0,4.1,0.0,2.0,14.0,7.0,0.0,0.0,0.0,0.0,0.0,1.0,11.3,,1.0,0,0,6.77,135.0,27.0,504
clyde edwards-helaire,NO,RB,0.0,0.0,0.0,0.0,10.0,41.0,4.1,0.0,3.0,22.0,7.3,0.0,0.0,0.0,0.0,0.0,1.0,7.0,,1.0,0,0,6.74,136.0,28.0,505
dylan laube,LV,RB,0.0,0.0,0.0,0.0,6.0,25.0,4.2,0.0,3.0,22.0,7.3,0.0,43.0,0.0,0.0,0.0,1.0,-2.0,,1.0,0,0,6.65,137.0,28.0,506
montrell johnson,PHI,RB,0.0,0.0,0.0,0.0,30.0,126.0,4.2,1.0,3.0,22.0,7.3,0.0,0.0,0.0,0.0,0.0,1.0,0.0,,1.0,0,0,6.64,138.0,28.0,507
tyler badie,DEN,RB,0.0,0.0,0.0,0.0,10.0,41.0,4.1,0.0,3.0,22.0,7.3,0.0,0.0,0.0,0.0,0.0,1.0,6.4,,1.0,0,0,6.56,139.0,28.0,508
deuce vaughn,DAL,RB,0.0,0.0,0.0,0.0,8.0,31.0,3.9,0.0,2.0,15.0,7.5,0.0,0.0,0.0,0.0,0.0,1.0,8.8,,1.0,0,0,5.89,140.0,28.0,509
travis homer,CHI,RB,0.0,0.0,0.0,0.0,5.0,22.0,4.4,0.0,2.0,15.0,7.5,0.0,27.0,0.0,0.0,0.0,1.0,3.4,,1.0,0,0,5.859999999999999,141.0,29.0,510
sione vaki,DET,RB,0.0,0.0,0.0,0.0,5.0,22.0,4.4,0.0,3.0,23.0,7.7,0.0,0.0,0.0,0.0,0.0,1.0,5.1,,1.0,0,0,5.739999999999999,142.0,29.0,511
efton chism,NE,WR,0.0,0.0,0.0,0.0,0.0,0.0,0.0,0.0,4.0,42.0,10.5,0.0,0.0,0.0,0.0,0.0,1.0,0.0,,1.0,0,0,5.739999999999999,197.0,40.0,512
jacob cowing,SF,WR,0.0,0.0,0.0,0.0,1.0,5.0,5.0,0.0,0.0,0.0,0.0,0.0,52.0,0.0,233.0,0.0,1.0,6.7,,1.0,0,0,5.6499999999999995,198.0,40.0,513
skyy moore,KC,WR,0.0,0.0,0.0,0.0,0.0,0.0,0.0,0.0,0.0,0.0,0.0,0.0,79.0,0.0,0.0,0.0,1.0,0.0,,1.0,0,0,5.53,199.0,40.0,514
chris manhertz,NYG,TE,0.0,0.0,0.0,0.0,0.0,0.0,0.0,0.0,2.0,19.0,9.5,0.0,0.0,0.0,0.0,0.0,1.0,9.0,,1.0,0,0,5.43,99.0,20.0,515
tommy devito,NYG,QB,0.0,0.0,0.0,0.0,0.0,0.0,0.0,0.0,0.0,0.0,0.0,0.0,0.0,0.0,0.0,0.0,1.0,13.5,,1.0,0,0,5.0625,76.0,16.0,516
lajohntay wester,BAL,WR,0.0,0.0,0.0,0.0,0.0,0.0,0.0,0.0,3.0,37.0,12.3,0.0,0.0,0.0,0.0,0.0,1.0,0.0,,1.0,0,0,4.6899999999999995,200.0,40.0,517
jordan watkins,SF,WR,0.0,0.0,0.0,0.0,0.0,0.0,0.0,0.0,3.0,36.0,12.0,0.0,0.0,0.0,0.0,0.0,1.0,0.0,,1.0,0,0,4.619999999999999,203.0,41.0,518
jimmy horn,CAR,WR,0.0,0.0,0.0,0.0,0.0,0.0,0.0,0.0,3.0,36.0,12.0,0.0,0.0,0.0,0.0,0.0,1.0,0.0,,1.0,0,0,4.619999999999999,202.0,41.0,519
keandre lambert-smith,LAC,WR,0.0,0.0,0.0,0.0,0.0,0.0,0.0,0.0,3.0,36.0,12.0,0.0,0.0,0.0,0.0,0.0,1.0,0.0,,1.0,0,0,4.619999999999999,201.0,41.0,520
ian thomas,LV,TE,0.0,0.0,0.0,0.0,0.0,0.0,0.0,0.0,3.0,29.0,9.7,0.0,0.0,0.0,0.0,0.0,1.0,0.7,,1.0,0,0,4.34,100.0,20.0,521
rondale moore,MIN,WR,0.0,0.0,0.0,0.0,4.0,21.0,5.3,0.0,3.0,30.0,10.0,0.0,0.0,0.0,0.0,0.0,1.0,0.0,,1.0,0,0,4.199999999999999,204.0,41.0,522
jase mcclellan,FA,RB,0.0,0.0,0.0,0.0,8.0,34.0,4.3,0.0,2.0,14.0,7.0,0.0,0.0,0.0,0.0,0.0,1.0,3.2,,1.0,0,0,4.14,143.0,29.0,523
greg dulcich,NYG,TE,0.0,0.0,0.0,0.0,0.0,0.0,0.0,0.0,2.0,19.0,9.5,0.0,0.0,0.0,0.0,0.0,1.0,2.8,,1.0,0,0,3.57,101.0,21.0,524
xavier hutchinson,HOU,WR,0.0,0.0,0.0,0.0,0.0,0.0,0.0,0.0,0.0,0.0,0.0,0.0,0.0,0.0,0.0,0.0,1.0,11.7,,1.0,0,0,3.51,205.0,41.0,525
k.j. osborn,WAS,WR,0.0,0.0,0.0,0.0,0.0,0.0,0.0,0.0,0.0,0.0,0.0,0.0,0.0,0.0,0.0,0.0,1.0,11.7,,1.0,0,0,3.51,206.0,42.0,526
bailey zappe,KC,QB,0.0,0.0,0.0,0.0,0.0,0.0,0.0,0.0,0.0,0.0,0.0,0.0,0.0,0.0,0.0,0.0,1.0,9.0,,1.0,0,0,3.3749999999999996,77.0,16.0,527
isaiah neyor,SF,WR,0.0,0.0,0.0,0.0,0.0,0.0,0.0,0.0,2.0,24.0,12.0,0.0,0.0,0.0,0.0,0.0,1.0,0.0,,1.0,0,0,3.08,207.0,42.0,528
connor heyward,PIT,TE,0.0,0.0,0.0,0.0,0.0,0.0,0.0,0.0,0.0,0.0,0.0,0.0,0.0,0.0,0.0,0.0,1.0,10.0,,1.0,0,0,3.0,102.0,21.0,529
skylar thompson,PIT,QB,0.0,0.0,0.0,0.0,0.0,0.0,0.0,0.0,0.0,0.0,0.0,0.0,0.0,0.0,0.0,0.0,1.0,7.9,,1.0,0,0,2.9625000000000004,78.0,16.0,530
parris campbell,DAL,WR,0.0,0.0,0.0,0.0,0.0,0.0,0.0,0.0,0.0,0.0,0.0,0.0,0.0,0.0,0.0,0.0,1.0,9.0,,1.0,0,0,2.6999999999999997,208.0,42.0,531
jeff wilson,FA,RB,0.0,0.0,0.0,0.0,0.0,0.0,0.0,0.0,0.0,0.0,0.0,0.0,0.0,0.0,0.0,0.0,1.0,7.6,,1.0,0,0,2.28,144.0,29.0,532
hayden hurst,FA,TE,0.0,0.0,0.0,0.0,0.0,0.0,0.0,0.0,0.0,0.0,0.0,0.0,0.0,0.0,0.0,0.0,1.0,7.3,,1.0,0,0,2.19,103.0,21.0,533
scotty miller,PIT,WR,0.0,0.0,0.0,0.0,0.0,0.0,0.0,0.0,0.0,0.0,0.0,0.0,0.0,0.0,0.0,0.0,1.0,6.9,,1.0,0,0,2.07,209.0,42.0,534
ben skowronek,PIT,WR,0.0,0.0,0.0,0.0,0.0,0.0,0.0,0.0,0.0,0.0,0.0,0.0,0.0,0.0,0.0,0.0,1.0,6.9,,1.0,0,0,2.07,210.0,42.0,535
rer cracraft,FA,WR,0.0,0.0,0.0,0.0,0.0,0.0,0.0,0.0,0.0,0.0,0.0,0.0,0.0,0.0,0.0,0.0,1.0,6.6,,1.0,0,0,1.9799999999999998,211.0,43.0,536
laviska shenault,BUF,WR,0.0,0.0,0.0,0.0,0.0,0.0,0.0,0.0,0.0,0.0,0.0,0.0,0.0,0.0,0.0,0.0,1.0,5.7,,1.0,0,0,1.71,212.0,43.0,537
marcus yarns,NO,RB,0.0,0.0,0.0,0.0,5.0,21.0,4.2,0.0,1.0,7.0,7.0,0.0,0.0,0.0,0.0,0.0,1.0,0.0,,1.0,0,0,1.69,147.0,30.0,538
phil mafah,DAL,RB,0.0,0.0,0.0,0.0,5.0,21.0,4.2,0.0,1.0,7.0,7.0,0.0,0.0,0.0,0.0,0.0,1.0,0.0,,1.0,0,0,1.69,148.0,30.0,539
corey kiner,SF,RB,0.0,0.0,0.0,0.0,5.0,21.0,4.2,0.0,1.0,7.0,7.0,0.0,0.0,0.0,0.0,0.0,1.0,0.0,,1.0,0,0,1.69,149.0,30.0,540
raheim sanders,LAC,RB,0.0,0.0,0.0,0.0,5.0,21.0,4.2,0.0,1.0,7.0,7.0,0.0,0.0,0.0,0.0,0.0,1.0,0.0,,1.0,0,0,1.69,146.0,30.0,541
donovan edwards,NYJ,RB,0.0,0.0,0.0,0.0,5.0,21.0,4.2,0.0,1.0,7.0,7.0,0.0,0.0,0.0,0.0,0.0,1.0,0.0,,1.0,0,0,1.69,145.0,29.0,542
chris moore,WAS,WR,0.0,0.0,0.0,0.0,0.0,0.0,0.0,0.0,1.0,14.0,14.0,0.0,0.0,0.0,0.0,0.0,1.0,0.0,,1.0,0,0,1.68,213.0,43.0,543
odell beckham,FA,WR,0.0,0.0,0.0,0.0,0.0,0.0,0.0,0.0,0.0,0.0,0.0,0.0,0.0,0.0,0.0,0.0,1.0,5.5,,1.0,0,0,1.65,214.0,43.0,544
jonathon brooks,CAR,RB,0.0,0.0,0.0,0.0,0.0,0.0,0.0,0.0,0.0,0.0,0.0,0.0,0.0,0.0,0.0,0.0,1.0,4.5,22.0,1.15,0,0,1.5524999999999998,150.0,30.0,545
peyton hendershot,FA,TE,0.0,0.0,0.0,0.0,0.0,0.0,0.0,0.0,0.0,0.0,0.0,0.0,0.0,0.0,0.0,0.0,1.0,5.1,,1.0,0,0,1.5299999999999998,104.0,21.0,546
tyquan thornton,KC,WR,0.0,0.0,0.0,0.0,0.0,0.0,0.0,0.0,0.0,0.0,0.0,0.0,0.0,0.0,0.0,0.0,1.0,4.7,,1.0,0,0,1.41,215.0,43.0,547
tim jones,MIN,WR,0.0,0.0,0.0,0.0,0.0,0.0,0.0,0.0,0.0,0.0,0.0,0.0,0.0,0.0,0.0,0.0,1.0,4.1,,1.0,0,0,1.2299999999999998,217.0,44.0,548
terrace marshall,PHI,WR,0.0,0.0,0.0,0.0,0.0,0.0,0.0,0.0,0.0,0.0,0.0,0.0,0.0,0.0,0.0,0.0,1.0,4.1,,1.0,0,0,1.2299999999999998,216.0,44.0,549
britain covey,LAR,WR,0.0,0.0,0.0,0.0,0.0,0.0,0.0,0.0,0.0,0.0,0.0,0.0,0.0,0.0,0.0,0.0,1.0,3.4,,1.0,0,0,1.02,218.0,44.0,550
allen robinson,FA,WR,0.0,0.0,0.0,0.0,0.0,0.0,0.0,0.0,0.0,0.0,0.0,0.0,0.0,0.0,0.0,0.0,1.0,3.0,,1.0,0,0,0.8999999999999999,219.0,44.0,551
david bell,CLE,WR,0.0,0.0,0.0,0.0,0.0,0.0,0.0,0.0,0.0,0.0,0.0,0.0,0.0,0.0,0.0,0.0,1.0,2.7,,1.0,0,0,0.81,220.0,44.0,552
ronnie bell,DET,WR,0.0,0.0,0.0,0.0,0.0,0.0,0.0,0.0,0.0,0.0,0.0,0.0,0.0,0.0,0.0,0.0,1.0,2.2,,1.0,0,0,0.66,222.0,45.0,553
shane zylstra,DET,TE,0.0,0.0,0.0,0.0,0.0,0.0,0.0,0.0,0.0,0.0,0.0,0.0,0.0,0.0,0.0,0.0,1.0,2.2,,1.0,0,0,0.66,105.0,21.0,554
jamari thrash,CLE,WR,0.0,0.0,0.0,0.0,0.0,0.0,0.0,0.0,0.0,0.0,0.0,0.0,0.0,0.0,0.0,0.0,1.0,2.2,,1.0,0,0,0.66,221.0,45.0,555
dallin holker,FA,TE,0.0,0.0,0.0,0.0,0.0,0.0,0.0,0.0,0.0,0.0,0.0,0.0,0.0,0.0,0.0,0.0,1.0,2.1,,1.0,0,0,0.63,106.0,22.0,556
josiah deguara,ARI,TE,0.0,0.0,0.0,0.0,0.0,0.0,0.0,0.0,0.0,0.0,0.0,0.0,0.0,0.0,0.0,0.0,1.0,1.4,,1.0,0,0,0.42,107.0,22.0,557
mike white,BUF,QB,0.0,0.0,0.0,0.0,0.0,0.0,0.0,0.0,0.0,0.0,0.0,0.0,0.0,0.0,0.0,0.0,1.0,1.1,,1.0,0,0,0.41250000000000003,79.0,16.0,558
isaiah hodgins,SF,WR,0.0,0.0,0.0,0.0,0.0,0.0,0.0,0.0,0.0,0.0,0.0,0.0,0.0,0.0,0.0,0.0,1.0,1.2,,1.0,0,0,0.36,223.0,45.0,559
kyle allen,DET,QB,0.0,0.0,0.0,0.0,0.0,0.0,0.0,0.0,0.0,0.0,0.0,0.0,0.0,0.0,0.0,0.0,1.0,0.8,,1.0,0,0,0.3,80.0,16.0,560
jack stoll,NO,TE,0.0,0.0,0.0,0.0,0.0,0.0,0.0,0.0,0.0,0.0,0.0,0.0,0.0,0.0,0.0,0.0,1.0,1.0,,1.0,0,0,0.3,108.0,22.0,561
cody schrader,LAR,RB,0.0,0.0,0.0,0.0,0.0,0.0,0.0,0.0,0.0,0.0,0.0,0.0,0.0,0.0,0.0,0.0,1.0,0.9,,1.0,0,0,0.27,151.0,31.0,562
tyrion davis-price,FA,RB,0.0,0.0,0.0,0.0,0.0,0.0,0.0,0.0,0.0,0.0,0.0,0.0,0.0,0.0,0.0,0.0,1.0,0.7,,1.0,0,0,0.21,152.0,31.0,563
isaiah williams,CIN,WR,0.0,0.0,0.0,0.0,0.0,0.0,0.0,0.0,0.0,0.0,0.0,0.0,0.0,0.0,0.0,0.0,1.0,0.6,,1.0,0,0,0.18,224.0,45.0,564
jody fortson,FA,TE,0.0,0.0,0.0,0.0,0.0,0.0,0.0,0.0,0.0,0.0,0.0,0.0,0.0,0.0,0.0,0.0,1.0,0.5,,1.0,0,0,0.15,109.0,22.0,565
robbie chosen,FA,WR,0.0,0.0,0.0,0.0,0.0,0.0,0.0,0.0,0.0,0.0,0.0,0.0,0.0,0.0,0.0,0.0,1.0,0.5,,1.0,0,0,0.15,225.0,45.0,566
sam howell,MIN,QB,0.0,0.0,0.0,0.0,0.0,0.0,0.0,0.0,0.0,0.0,0.0,0.0,0.0,0.0,0.0,0.0,1.0,0.2,,1.0,0,0,0.075,81.0,17.0,567
joshua kelley,FA,RB,0.0,0.0,0.0,0.0,0.0,0.0,0.0,0.0,0.0,0.0,0.0,0.0,0.0,0.0,0.0,0.0,1.0,0.2,,1.0,0,0,0.06,153.0,31.0,568
kobe hudson,CAR,WR,0.0,0.0,0.0,0.0,0.0,0.0,0.0,0.0,0.0,0.0,0.0,0.0,0.0,0.0,0.0,0.0,1.0,0.0,,1.0,0,0,0.0,231.0,47.0,569
trenton irwin,JAX,WR,0.0,0.0,0.0,0.0,0.0,0.0,0.0,0.0,0.0,0.0,0.0,0.0,0.0,0.0,0.0,0.0,1.0,0.0,,1.0,0,0,0.0,232.0,47.0,570
isaiah mckenzie,FA,WR,0.0,0.0,0.0,0.0,0.0,0.0,0.0,0.0,0.0,0.0,0.0,0.0,0.0,0.0,0.0,0.0,1.0,0.0,,1.0,0,0,0.0,234.0,47.0,571
danny gray,PHI,WR,0.0,0.0,0.0,0.0,0.0,0.0,0.0,0.0,0.0,0.0,0.0,0.0,0.0,0.0,0.0,0.0,1.0,0.0,,1.0,0,0,0.0,233.0,47.0,572
joey slye,TEN,K,0.0,0.0,0.0,0.0,0.0,0.0,0.0,0.0,0.0,0.0,0.0,0.0,0.0,0.0,0.0,0.0,1.0,120.0,,1.0,0,0,0.0,44.0,9.0,573
spencer shrader,IND,K,0.0,0.0,0.0,0.0,0.0,0.0,0.0,0.0,0.0,0.0,0.0,0.0,0.0,0.0,0.0,0.0,1.0,26.0,,1.0,0,0,0.0,43.0,9.0,574
drew stevens,FA,K,0.0,0.0,0.0,0.0,0.0,0.0,0.0,0.0,0.0,0.0,0.0,0.0,0.0,0.0,0.0,0.0,1.0,0.0,,1.0,0,0,0.0,45.0,9.0,575
justin tucker,FA,K,0.0,0.0,0.0,0.0,0.0,0.0,0.0,0.0,0.0,0.0,0.0,0.0,0.0,0.0,0.0,0.0,1.0,143.0,,1.0,0,0,0.0,46.0,10.0,576
matthew wright,CAR,K,0.0,0.0,0.0,0.0,0.0,0.0,0.0,0.0,0.0,0.0,0.0,0.0,0.0,0.0,0.0,0.0,1.0,56.0,,1.0,0,0,0.0,47.0,10.0,577
cade york,CIN,K,0.0,0.0,0.0,0.0,0.0,0.0,0.0,0.0,0.0,0.0,0.0,0.0,0.0,0.0,0.0,0.0,1.0,0.0,,1.0,0,0,0.0,48.0,10.0,578
brayden narveson,FA,K,0.0,0.0,0.0,0.0,0.0,0.0,0.0,0.0,0.0,0.0,0.0,0.0,0.0,0.0,0.0,0.0,1.0,59.0,,1.0,0,0,0.0,33.0,7.0,579
riley patterson,FA,K,0.0,0.0,0.0,0.0,0.0,0.0,0.0,0.0,0.0,0.0,0.0,0.0,0.0,0.0,0.0,0.0,1.0,30.0,,1.0,0,0,0.0,34.0,7.0,580
matt prater,FA,K,0.0,0.0,0.0,0.0,0.0,0.0,0.0,0.0,0.0,0.0,0.0,0.0,0.0,0.0,0.0,0.0,1.0,33.0,,1.0,0,0,0.0,36.0,8.0,581
eddy pineiro,FA,K,0.0,0.0,0.0,0.0,0.0,0.0,0.0,0.0,0.0,0.0,0.0,0.0,0.0,0.0,0.0,0.0,1.0,107.0,,1.0,0,0,0.0,35.0,7.0,582
a.t. perry,DEN,WR,0.0,0.0,0.0,0.0,0.0,0.0,0.0,0.0,0.0,0.0,0.0,0.0,0.0,0.0,0.0,0.0,1.0,0.0,,1.0,0,0,0.0,236.0,48.0,583
zach pascal,NYG,WR,0.0,0.0,0.0,0.0,0.0,0.0,0.0,0.0,0.0,0.0,0.0,0.0,0.0,0.0,0.0,0.0,1.0,0.0,,1.0,0,0,0.0,235.0,47.0,584
chase claypool,FA,WR,0.0,0.0,0.0,0.0,0.0,0.0,0.0,0.0,0.0,0.0,0.0,0.0,0.0,0.0,0.0,0.0,1.0,0.0,,1.0,0,0,0.0,229.0,46.0,585
richie james,FA,WR,0.0,0.0,0.0,0.0,0.0,0.0,0.0,0.0,0.0,0.0,0.0,0.0,0.0,0.0,0.0,0.0,1.0,0.0,,1.0,0,0,0.0,230.0,46.0,586
jason brownlee,KC,WR,0.0,0.0,0.0,0.0,0.0,0.0,0.0,0.0,0.0,0.0,0.0,0.0,0.0,0.0,0.0,0.0,1.0,0.0,,1.0,0,0,0.0,227.0,46.0,587
ja'corey brooks,WAS,WR,0.0,0.0,0.0,0.0,0.0,0.0,0.0,0.0,0.0,0.0,0.0,0.0,0.0,0.0,0.0,0.0,1.0,0.0,,1.0,0,0,0.0,228.0,46.0,588
jamal agnew,ATL,WR,0.0,0.0,0.0,0.0,0.0,0.0,0.0,0.0,0.0,0.0,0.0,0.0,0.0,0.0,0.0,0.0,1.0,0.0,,1.0,0,0,0.0,226.0,46.0,589
daniel carlson,LV,K,0.0,0.0,0.0,0.0,0.0,0.0,0.0,0.0,0.0,0.0,0.0,0.0,0.0,0.0,0.0,0.0,1.0,145.0,,1.0,0,0,0.0,9.0,2.0,590
caden davis,FA,K,0.0,0.0,0.0,0.0,0.0,0.0,0.0,0.0,0.0,0.0,0.0,0.0,0.0,0.0,0.0,0.0,1.0,0.0,,1.0,0,0,0.0,10.0,2.0,591
chase mclaughlin,TB,K,0.0,0.0,0.0,0.0,0.0,0.0,0.0,0.0,0.0,0.0,0.0,0.0,0.0,0.0,0.0,0.0,1.0,164.0,,1.0,0,0,0.0,27.0,6.0,592
brandon mcmanus,GB,K,0.0,0.0,0.0,0.0,0.0,0.0,0.0,0.0,0.0,0.0,0.0,0.0,0.0,0.0,0.0,0.0,1.0,99.0,,1.0,0,0,0.0,28.0,6.0,593
evan mcpherson,CIN,K,0.0,0.0,0.0,0.0,0.0,0.0,0.0,0.0,0.0,0.0,0.0,0.0,0.0,0.0,0.0,0.0,1.0,94.0,,1.0,0,0,0.0,29.0,6.0,594
jake briningstool,KC,TE,0.0,0.0,0.0,0.0,0.0,0.0,0.0,0.0,0.0,0.0,0.0,0.0,0.0,0.0,0.0,0.0,1.0,0.0,,1.0,0,0,0.0,110.0,22.0,595
harrison mevis,NYJ,K,0.0,0.0,0.0,0.0,0.0,0.0,0.0,0.0,0.0,0.0,0.0,0.0,0.0,0.0,0.0,0.0,1.0,0.0,,1.0,0,0,0.0,30.0,6.0,596
anders carlson,FA,K,0.0,0.0,0.0,0.0,0.0,0.0,0.0,0.0,0.0,0.0,0.0,0.0,0.0,0.0,0.0,0.0,1.0,62.0,,1.0,0,0,0.0,8.0,2.0,597
jake moody,SF,K,0.0,0.0,0.0,0.0,0.0,0.0,0.0,0.0,0.0,0.0,0.0,0.0,0.0,0.0,0.0,0.0,1.0,118.0,,1.0,0,0,0.0,31.0,7.0,598
john parker romo,NE,K,0.0,0.0,0.0,0.0,0.0,0.0,0.0,0.0,0.0,0.0,0.0,0.0,0.0,0.0,0.0,0.0,1.0,0.0,,1.0,0,0,0.0,38.0,8.0,599
chad ryland,ARI,K,0.0,0.0,0.0,0.0,0.0,0.0,0.0,0.0,0.0,0.0,0.0,0.0,0.0,0.0,0.0,0.0,1.0,125.0,,1.0,0,0,0.0,39.0,8.0,600
jason sanders,MIA,K,0.0,0.0,0.0,0.0,0.0,0.0,0.0,0.0,0.0,0.0,0.0,0.0,0.0,0.0,0.0,0.0,1.0,166.0,,1.0,0,0,0.0,40.0,8.0,601
will reichard,MIN,K,0.0,0.0,0.0,0.0,0.0,0.0,0.0,0.0,0.0,0.0,0.0,0.0,0.0,0.0,0.0,0.0,1.0,131.0,,1.0,0,0,0.0,37.0,8.0,602
cairo santos,CHI,K,0.0,0.0,0.0,0.0,0.0,0.0,0.0,0.0,0.0,0.0,0.0,0.0,0.0,0.0,0.0,0.0,1.0,109.0,,1.0,0,0,0.0,41.0,9.0,603
austin seibert,FA,K,0.0,0.0,0.0,0.0,0.0,0.0,0.0,0.0,0.0,0.0,0.0,0.0,0.0,0.0,0.0,0.0,1.0,115.0,,1.0,0,0,0.0,42.0,9.0,604
kaden prather,BUF,WR,0.0,0.0,0.0,0.0,0.0,0.0,0.0,0.0,0.0,0.0,0.0,0.0,0.0,0.0,0.0,0.0,1.0,0.0,,1.0,0,0,0.0,237.0,48.0,605
equanimeous st. brown,SF,WR,0.0,0.0,0.0,0.0,0.0,0.0,0.0,0.0,0.0,0.0,0.0,0.0,0.0,0.0,0.0,0.0,1.0,0.0,,1.0,0,0,0.0,240.0,48.0,606
zach wilson,MIA,QB,0.0,0.0,0.0,0.0,0.0,0.0,0.0,0.0,0.0,0.0,0.0,0.0,0.0,0.0,0.0,0.0,1.0,0.0,,1.0,0,0,0.0,97.0,20.0,607
will howard,PIT,QB,0.0,0.0,0.0,0.0,0.0,0.0,0.0,0.0,0.0,0.0,0.0,0.0,0.0,0.0,0.0,0.0,1.0,0.0,,1.0,0,0,0.0,82.0,17.0,608
sam hartman,WAS,QB,0.0,0.0,0.0,0.0,0.0,0.0,0.0,0.0,0.0,0.0,0.0,0.0,0.0,0.0,0.0,0.0,1.0,0.0,,1.0,0,0,0.0,83.0,17.0,609
antwane wells,NYG,WR,0.0,0.0,0.0,0.0,0.0,0.0,0.0,0.0,0.0,0.0,0.0,0.0,0.0,0.0,0.0,0.0,1.0,0.0,,1.0,0,0,0.0,239.0,48.0,610
donald parham,PIT,TE,0.0,0.0,0.0,0.0,0.0,0.0,0.0,0.0,0.0,0.0,0.0,0.0,0.0,0.0,0.0,0.0,1.0,0.0,,1.0,0,0,0.0,112.0,23.0,611
oscar delp,FA,TE,0.0,0.0,0.0,0.0,0.0,0.0,0.0,0.0,0.0,0.0,0.0,0.0,0.0,0.0,0.0,0.0,1.0,0.0,,1.0,0,0,0.0,111.0,23.0,612
frank gore,BUF,RB,0.0,0.0,0.0,0.0,0.0,0.0,0.0,0.0,0.0,0.0,0.0,0.0,0.0,0.0,0.0,0.0,1.0,0.0,,1.0,0,0,0.0,160.0,32.0,613
trevor siemian,FA,QB,0.0,0.0,0.0,0.0,0.0,0.0,0.0,0.0,0.0,0.0,0.0,0.0,0.0,0.0,0.0,0.0,1.0,0.0,,1.0,0,0,0.0,93.0,19.0,614
caleb huntley,FA,RB,0.0,0.0,0.0,0.0,0.0,0.0,0.0,0.0,0.0,0.0,0.0,0.0,0.0,0.0,0.0,0.0,1.0,0.0,,1.0,0,0,0.0,157.0,32.0,615
dewayne mcbride,FA,RB,0.0,0.0,0.0,0.0,0.0,0.0,0.0,0.0,0.0,0.0,0.0,0.0,0.0,0.0,0.0,0.0,1.0,0.0,,1.0,0,0,0.0,156.0,32.0,616
jawhar jordan,HOU,RB,0.0,0.0,0.0,0.0,0.0,0.0,0.0,0.0,0.0,0.0,0.0,0.0,0.0,0.0,0.0,0.0,1.0,0.0,,1.0,0,0,0.0,159.0,32.0,617
ja'quinden jackson,JAX,RB,0.0,0.0,0.0,0.0,0.0,0.0,0.0,0.0,0.0,0.0,0.0,0.0,0.0,0.0,0.0,0.0,1.0,0.0,,1.0,0,0,0.0,158.0,32.0,618
mike williams,LAC,WR,0.0,0.0,0.0,0.0,0.0,0.0,0.0,0.0,0.0,0.0,0.0,0.0,0.0,0.0,0.0,0.0,1.0,0.0,,1.0,0,0,0.0,243.0,49.0,619
ricky white,SEA,WR,0.0,0.0,0.0,0.0,0.0,0.0,0.0,0.0,0.0,0.0,0.0,0.0,0.0,0.0,0.0,0.0,1.0,0.0,,1.0,0,0,0.0,242.0,49.0,620
israel abanikanda,GB,RB,0.0,0.0,0.0,0.0,0.0,0.0,0.0,0.0,0.0,0.0,0.0,0.0,0.0,0.0,0.0,0.0,1.0,0.0,,1.0,0,0,0.0,155.0,31.0,621
michael thomas,FA,WR,0.0,0.0,0.0,0.0,0.0,0.0,0.0,0.0,0.0,0.0,0.0,0.0,0.0,0.0,0.0,0.0,1.0,0.0,,1.0,0,0,0.0,241.0,49.0,622
brenden rice,LAC,WR,0.0,0.0,0.0,0.0,0.0,0.0,0.0,0.0,0.0,0.0,0.0,0.0,0.0,0.0,0.0,0.0,1.0,0.0,,1.0,0,0,0.0,238.0,48.0,623
ryan tannehill,FA,QB,0.0,0.0,0.0,0.0,0.0,0.0,0.0,0.0,0.0,0.0,0.0,0.0,0.0,0.0,0.0,0.0,1.0,0.0,,1.0,0,0,0.0,94.0,19.0,624
jordan travis,NYJ,QB,0.0,0.0,0.0,0.0,0.0,0.0,0.0,0.0,0.0,0.0,0.0,0.0,0.0,0.0,0.0,0.0,1.0,0.0,,1.0,0,0,0.0,96.0,20.0,625
easton stick,ATL,QB,0.0,0.0,0.0,0.0,0.0,0.0,0.0,0.0,0.0,0.0,0.0,0.0,0.0,0.0,0.0,0.0,1.0,0.0,,1.0,0,0,0.0,95.0,19.0,626
riley leonard,IND,QB,0.0,0.0,0.0,0.0,0.0,0.0,0.0,0.0,0.0,0.0,0.0,0.0,0.0,0.0,0.0,0.0,1.0,0.0,,1.0,0,0,0.0,92.0,19.0,627
case keenum,CHI,QB,0.0,0.0,0.0,0.0,0.0,0.0,0.0,0.0,0.0,0.0,0.0,0.0,0.0,0.0,0.0,0.0,1.0,0.0,,1.0,0,0,0.0,91.0,19.0,628
kyle mccord,PHI,QB,0.0,0.0,0.0,0.0,0.0,0.0,0.0,0.0,0.0,0.0,0.0,0.0,0.0,0.0,0.0,0.0,1.0,0.0,,1.0,0,0,0.0,90.0,18.0,629
derek carr,NO,QB,0.0,0.0,0.0,0.0,0.0,0.0,0.0,0.0,0.0,0.0,0.0,0.0,0.0,0.0,0.0,0.0,1.0,0.0,,1.0,0,0,0.0,89.0,18.0,630
teddy bridgewater,FA,QB,0.0,0.0,0.0,0.0,0.0,0.0,0.0,0.0,0.0,0.0,0.0,0.0,0.0,0.0,0.0,0.0,1.0,0.0,,1.0,0,0,0.0,88.0,18.0,631
c.j. beathard,FA,QB,0.0,0.0,0.0,0.0,0.0,0.0,0.0,0.0,0.0,0.0,0.0,0.0,0.0,0.0,0.0,0.0,1.0,0.0,,1.0,0,0,0.0,87.0,18.0,632
quinn ewers,MIA,QB,0.0,0.0,0.0,0.0,0.0,0.0,0.0,0.0,0.0,0.0,0.0,0.0,0.0,0.0,0.0,0.0,1.0,0.0,,1.0,0,0,0.0,86.0,18.0,633
jaren hall,FA,QB,0.0,0.0,0.0,0.0,0.0,0.0,0.0,0.0,0.0,0.0,0.0,0.0,0.0,0.0,0.0,0.0,1.0,0.0,,1.0,0,0,0.0,85.0,17.0,634
sam ehlinger,DEN,QB,0.0,0.0,0.0,0.0,0.0,0.0,0.0,0.0,0.0,0.0,0.0,0.0,0.0,0.0,0.0,0.0,1.0,0.0,,1.0,0,0,0.0,84.0,17.0,635
ka'imi fairbairn,HOU,K,0.0,0.0,0.0,0.0,0.0,0.0,0.0,0.0,0.0,0.0,0.0,0.0,0.0,0.0,0.0,0.0,1.0,172.0,,1.0,0,0,0.0,13.0,3.0,636
nicholas singleton,FA,RB,0.0,0.0,0.0,0.0,0.0,0.0,0.0,0.0,0.0,0.0,0.0,0.0,0.0,0.0,0.0,0.0,1.0,0.0,,1.0,0,0,0.0,163.0,33.0,637
le'veon moss,FA,RB,0.0,0.0,0.0,0.0,0.0,0.0,0.0,0.0,0.0,0.0,0.0,0.0,0.0,0.0,0.0,0.0,1.0,0.0,,1.0,0,0,0.0,161.0,33.0,638
boston scott,FA,RB,0.0,0.0,0.0,0.0,0.0,0.0,0.0,0.0,0.0,0.0,0.0,0.0,0.0,0.0,0.0,0.0,1.0,0.0,,1.0,0,0,0.0,162.0,33.0,639
kaytron allen,FA,RB,0.0,0.0,0.0,0.0,0.0,0.0,0.0,0.0,0.0,0.0,0.0,0.0,0.0,0.0,0.0,0.0,1.0,0.0,,1.0,0,0,0.0,154.0,31.0,640
cameron dicker,LAC,K,0.0,0.0,0.0,0.0,0.0,0.0,0.0,0.0,0.0,0.0,0.0,0.0,0.0,0.0,0.0,0.0,1.0,179.0,,1.0,0,0,0.0,11.0,3.0,641
jake elliott,PHI,K,0.0,0.0,0.0,0.0,0.0,0.0,0.0,0.0,0.0,0.0,0.0,0.0,0.0,0.0,0.0,0.0,1.0,141.0,,1.0,0,0,0.0,12.0,3.0,642
ko kieft,TB,TE,0.0,0.0,0.0,0.0,0.0,0.0,0.0,0.0,0.0,0.0,0.0,0.0,0.0,0.0,0.0,0.0,1.0,0.0,,1.0,0,0,0.0,116.0,24.0,643
bryson nesbit,MIN,TE,0.0,0.0,0.0,0.0,0.0,0.0,0.0,0.0,0.0,0.0,0.0,0.0,0.0,0.0,0.0,0.0,1.0,0.0,,1.0,0,0,0.0,113.0,23.0,644
wil lutz,DEN,K,0.0,0.0,0.0,0.0,0.0,0.0,0.0,0.0,0.0,0.0,0.0,0.0,0.0,0.0,0.0,0.0,1.0,160.0,,1.0,0,0,0.0,26.0,6.0,645
tyler loop,BAL,K,0.0,0.0,0.0,0.0,0.0,0.0,0.0,0.0,0.0,0.0,0.0,0.0,0.0,0.0,0.0,0.0,1.0,0.0,,1.0,0,0,0.0,25.0,5.0,646
cam little,JAX,K,0.0,0.0,0.0,0.0,0.0,0.0,0.0,0.0,0.0,0.0,0.0,0.0,0.0,0.0,0.0,0.0,1.0,0.0,,1.0,0,0,0.0,24.0,5.0,647
younghoe koo,ATL,K,0.0,0.0,0.0,0.0,0.0,0.0,0.0,0.0,0.0,0.0,0.0,0.0,0.0,0.0,0.0,0.0,1.0,120.0,,1.0,0,0,0.0,23.0,5.0,648
joshua karty,LAR,K,0.0,0.0,0.0,0.0,0.0,0.0,0.0,0.0,0.0,0.0,0.0,0.0,0.0,0.0,0.0,0.0,1.0,135.0,,1.0,0,0,0.0,22.0,5.0,649
greg joseph,SF,K,0.0,0.0,0.0,0.0,0.0,0.0,0.0,0.0,0.0,0.0,0.0,0.0,0.0,0.0,0.0,0.0,1.0,66.0,,1.0,0,0,0.0,21.0,5.0,650
dustin hopkins,CLE,K,0.0,0.0,0.0,0.0,0.0,0.0,0.0,0.0,0.0,0.0,0.0,0.0,0.0,0.0,0.0,0.0,1.0,84.0,,1.0,0,0,0.0,20.0,4.0,651
blake grupe,NO,K,0.0,0.0,0.0,0.0,0.0,0.0,0.0,0.0,0.0,0.0,0.0,0.0,0.0,0.0,0.0,0.0,1.0,131.0,,1.0,0,0,0.0,19.0,4.0,652
zane gonzalez,FA,K,0.0,0.0,0.0,0.0,0.0,0.0,0.0,0.0,0.0,0.0,0.0,0.0,0.0,0.0,0.0,0.0,1.0,38.0,,1.0,0,0,0.0,18.0,4.0,653
matt gay,WAS,K,0.0,0.0,0.0,0.0,0.0,0.0,0.0,0.0,0.0,0.0,0.0,0.0,0.0,0.0,0.0,0.0,1.0,139.0,,1.0,0,0,0.0,17.0,4.0,654
graham gano,NYG,K,0.0,0.0,0.0,0.0,0.0,0.0,0.0,0.0,0.0,0.0,0.0,0.0,0.0,0.0,0.0,0.0,1.0,50.0,,1.0,0,0,0.0,16.0,4.0,655
nick folk,FA,K,0.0,0.0,0.0,0.0,0.0,0.0,0.0,0.0,0.0,0.0,0.0,0.0,0.0,0.0,0.0,0.0,1.0,108.0,,1.0,0,0,0.0,15.0,3.0,656
ryan fitzgerald,CAR,K,0.0,0.0,0.0,0.0,0.0,0.0,0.0,0.0,0.0,0.0,0.0,0.0,0.0,0.0,0.0,0.0,1.0,0.0,,1.0,0,0,0.0,14.0,3.0,657
jelani woods,IND,TE,0.0,0.0,0.0,0.0,0.0,0.0,0.0,0.0,0.0,0.0,0.0,0.0,0.0,0.0,0.0,0.0,1.0,0.0,,1.0,0,0,0.0,119.0,24.0,658
tyler bass,BUF,K,0.0,0.0,0.0,0.0,0.0,0.0,0.0,0.0,0.0,0.0,0.0,0.0,0.0,0.0,0.0,0.0,1.0,146.0,,1.0,0,0,0.0,3.0,1.0,659
jake bates,DET,K,0.0,0.0,0.0,0.0,0.0,0.0,0.0,0.0,0.0,0.0,0.0,0.0,0.0,0.0,0.0,0.0,1.0,161.0,,1.0,0,0,0.0,4.0,1.0,660
brant kuithe,FA,TE,0.0,0.0,0.0,0.0,0.0,0.0,0.0,0.0,0.0,0.0,0.0,0.0,0.0,0.0,0.0,0.0,1.0,0.0,,1.0,0,0,0.0,115.0,23.0,661
luke lachey,HOU,TE,0.0,0.0,0.0,0.0,0.0,0.0,0.0,0.0,0.0,0.0,0.0,0.0,0.0,0.0,0.0,0.0,1.0,0.0,,1.0,0,0,0.0,114.0,23.0,662
c.j. uzomah,FA,TE,0.0,0.0,0.0,0.0,0.0,0.0,0.0,0.0,0.0,0.0,0.0,0.0,0.0,0.0,0.0,0.0,1.0,0.0,,1.0,0,0,0.0,118.0,24.0,663
robert tonyan,KC,TE,0.0,0.0,0.0,0.0,0.0,0.0,0.0,0.0,0.0,0.0,0.0,0.0,0.0,0.0,0.0,0.0,1.0,0.0,,1.0,0,0,0.0,117.0,24.0,664
brandon aubrey,DAL,K,0.0,0.0,0.0,0.0,0.0,0.0,0.0,0.0,0.0,0.0,0.0,0.0,0.0,0.0,0.0,0.0,1.0,192.0,,1.0,0,0,0.0,1.0,1.0,665
michael badgley,FA,K,0.0,0.0,0.0,0.0,0.0,0.0,0.0,0.0,0.0,0.0,0.0,0.0,0.0,0.0,0.0,0.0,1.0,0.0,,1.0,0,0,0.0,2.0,1.0,666
harrison butker,KC,K,0.0,0.0,0.0,0.0,0.0,0.0,0.0,0.0,0.0,0.0,0.0,0.0,0.0,0.0,0.0,0.0,1.0,100.0,,1.0,0,0,0.0,7.0,2.0,667
jason myers,SEA,K,0.0,0.0,0.0,0.0,0.0,0.0,0.0,0.0,0.0,0.0,0.0,0.0,0.0,0.0,0.0,0.0,1.0,140.0,,1.0,0,0,0.0,32.0,7.0,668
andres borregales,NE,K,0.0,0.0,0.0,0.0,0.0,0.0,0.0,0.0,0.0,0.0,0.0,0.0,0.0,0.0,0.0,0.0,1.0,0.0,,1.0,0,0,0.0,5.0,1.0,669
chris boswell,PIT,K,0.0,0.0,0.0,0.0,0.0,0.0,0.0,0.0,0.0,0.0,0.0,0.0,0.0,0.0,0.0,0.0,1.0,191.0,,1.0,0,0,0.0,6.0,2.0,670
greg zuerlein,FA,K,0.0,0.0,0.0,0.0,0.0,0.0,0.0,0.0,0.0,0.0,0.0,0.0,0.0,0.0,0.0,0.0,1.0,41.0,,1.0,0,0,0.0,49.0,10.0,671
dominic zvada,FA,K,0.0,0.0,0.0,0.0,0.0,0.0,0.0,0.0,0.0,0.0,0.0,0.0,0.0,0.0,0.0,0.0,1.0,0.0,,1.0,0,0,0.0,50.0,10.0,672
steven sims,SEA,WR,0.0,0.0,0.0,0.0,0.0,0.0,0.0,0.0,0.0,0.0,0.0,0.0,0.0,0.0,0.0,0.0,1.0,-2.0,,1.0,0,0,-0.6,244.0,49.0,673
kadarius toney,FA,WR,0.0,0.0,0.0,0.0,0.0,0.0,0.0,0.0,0.0,0.0,0.0,0.0,0.0,0.0,0.0,0.0,1.0,-2.4,,1.0,0,0,-0.72,245.0,49.0,674
